2026-08-23 05:42:03 startup archives install
2026-08-23 05:42:03 install base-passwd:amd64 <none> 3.6.7
2026-08-23 05:42:03 status half-installed base-passwd:amd64 3.6.7
2026-08-23 05:42:03 status unpacked base-passwd:amd64 3.6.7
2026-08-23 05:42:03 configure base-passwd:amd64 3.6.7 3.6.7
2026-08-23 05:42:03 status half-configured base-passwd:amd64 3.6.7
2026-08-23 05:42:03 status installed base-passwd:amd64 3.6.7
2026-08-23 05:42:03 startup archives install
2026-08-23 05:42:03 install base-files:amd64 <none> 13.8+deb13u6
2026-08-23 05:42:03 status half-installed base-files:amd64 13.8+deb13u6
2026-08-23 05:42:03 status unpacked base-files:amd64 13.8+deb13u6
2026-08-23 05:42:03 configure base-files:amd64 13.8+deb13u6 13.8+deb13u6
2026-08-23 05:42:03 status half-configured base-files:amd64 13.8+deb13u6
2026-08-23 05:42:03 status installed base-files:amd64 13.8+deb13u6
2026-08-23 05:42:03 startup archives install
2026-08-23 05:42:03 upgrade dpkg 1.22.22 1.22.22
2026-08-23 05:42:03 status half-configured dpkg 1.22.22
2026-08-23 05:42:03 status unpacked dpkg 1.22.22
2026-08-23 05:42:03 status half-installed dpkg 1.22.22
2026-08-23 05:42:03 status unpacked dpkg:amd64 1.22.22
2026-08-23 05:42:03 configure dpkg:amd64 1.22.22 1.22.22
2026-08-23 05:42:03 status half-configured dpkg:amd64 1.22.22
2026-08-23 05:42:03 status installed dpkg:amd64 1.22.22
2026-08-23 05:42:03 startup archives install
2026-08-23 05:42:03 install libc6:amd64 <none> 2.41-12+deb13u3
2026-08-23 05:42:03 status half-installed libc6:amd64 2.41-12+deb13u3
2026-08-23 05:42:04 status unpacked libc6:amd64 2.41-12+deb13u3
2026-08-23 05:42:04 configure libc6:amd64 2.41-12+deb13u3 2.41-12+deb13u3
2026-08-23 05:42:04 status half-configured libc6:amd64 2.41-12+deb13u3
2026-08-23 05:42:04 status installed libc6:amd64 2.41-12+deb13u3
2026-08-23 05:42:04 startup archives install
2026-08-23 05:42:04 install perl-base:amd64 <none> 5.40.1-6
2026-08-23 05:42:04 status half-installed perl-base:amd64 5.40.1-6
2026-08-23 05:42:04 status unpacked perl-base:amd64 5.40.1-6
2026-08-23 05:42:04 configure perl-base:amd64 5.40.1-6 5.40.1-6
2026-08-23 05:42:04 status half-configured perl-base:amd64 5.40.1-6
2026-08-23 05:42:04 status installed perl-base:amd64 5.40.1-6
2026-08-23 05:42:04 startup archives install
2026-08-23 05:42:04 install mawk:amd64 <none> 1.3.4.20250131-1
2026-08-23 05:42:04 status half-installed mawk:amd64 1.3.4.20250131-1
2026-08-23 05:42:04 status unpacked mawk:amd64 1.3.4.20250131-1
2026-08-23 05:42:04 configure mawk:amd64 1.3.4.20250131-1 1.3.4.20250131-1
2026-08-23 05:42:04 status half-configured mawk:amd64 1.3.4.20250131-1
2026-08-23 05:42:04 status installed mawk:amd64 1.3.4.20250131-1
2026-08-23 05:42:04 startup archives install
2026-08-23 05:42:04 install debconf:all <none> 1.5.91
2026-08-23 05:42:04 status half-installed debconf:all 1.5.91
2026-08-23 05:42:04 status unpacked debconf:all 1.5.91
2026-08-23 05:42:04 configure debconf:all 1.5.91 1.5.91
2026-08-23 05:42:04 status half-configured debconf:all 1.5.91
2026-08-23 05:42:04 status installed debconf:all 1.5.91
2026-08-23 05:42:04 startup archives unpack
2026-08-23 05:42:04 install gcc-14-base:amd64 <none> 14.2.0-19
2026-08-23 05:42:04 status half-installed gcc-14-base:amd64 14.2.0-19
2026-08-23 05:42:04 status unpacked gcc-14-base:amd64 14.2.0-19
2026-08-23 05:42:04 install libgcc-s1:amd64 <none> 14.2.0-19
2026-08-23 05:42:04 status half-installed libgcc-s1:amd64 14.2.0-19
2026-08-23 05:42:04 status unpacked libgcc-s1:amd64 14.2.0-19
2026-08-23 05:42:04 upgrade libc6:amd64 2.41-12+deb13u3 2.41-12+deb13u3
2026-08-23 05:42:04 status half-configured libc6:amd64 2.41-12+deb13u3
2026-08-23 05:42:04 status unpacked libc6:amd64 2.41-12+deb13u3
2026-08-23 05:42:04 status half-installed libc6:amd64 2.41-12+deb13u3
2026-08-23 05:42:05 status unpacked libc6:amd64 2.41-12+deb13u3
2026-08-23 05:42:05 install libdebconfclient0:amd64 <none> 0.280
2026-08-23 05:42:05 status half-installed libdebconfclient0:amd64 0.280
2026-08-23 05:42:05 status unpacked libdebconfclient0:amd64 0.280
2026-08-23 05:42:05 install libpcre2-8-0:amd64 <none> 10.46-1~deb13u1
2026-08-23 05:42:05 status half-installed libpcre2-8-0:amd64 10.46-1~deb13u1
2026-08-23 05:42:05 status unpacked libpcre2-8-0:amd64 10.46-1~deb13u1
2026-08-23 05:42:05 install libselinux1:amd64 <none> 3.8.1-1
2026-08-23 05:42:05 status half-installed libselinux1:amd64 3.8.1-1
2026-08-23 05:42:05 status unpacked libselinux1:amd64 3.8.1-1
2026-08-23 05:42:05 install libgmp10:amd64 <none> 2:6.3.0+dfsg-3
2026-08-23 05:42:05 status half-installed libgmp10:amd64 2:6.3.0+dfsg-3
2026-08-23 05:42:05 status unpacked libgmp10:amd64 2:6.3.0+dfsg-3
2026-08-23 05:42:05 install libnettle8t64:amd64 <none> 3.10.1-1
2026-08-23 05:42:05 status half-installed libnettle8t64:amd64 3.10.1-1
2026-08-23 05:42:05 status unpacked libnettle8t64:amd64 3.10.1-1
2026-08-23 05:42:05 install libhogweed6t64:amd64 <none> 3.10.1-1
2026-08-23 05:42:05 status half-installed libhogweed6t64:amd64 3.10.1-1
2026-08-23 05:42:05 status unpacked libhogweed6t64:amd64 3.10.1-1
2026-08-23 05:42:05 install libbz2-1.0:amd64 <none> 1.0.8-6
2026-08-23 05:42:05 status half-installed libbz2-1.0:amd64 1.0.8-6
2026-08-23 05:42:05 status unpacked libbz2-1.0:amd64 1.0.8-6
2026-08-23 05:42:05 install liblz4-1:amd64 <none> 1.10.0-4
2026-08-23 05:42:05 status half-installed liblz4-1:amd64 1.10.0-4
2026-08-23 05:42:05 status unpacked liblz4-1:amd64 1.10.0-4
2026-08-23 05:42:05 install liblzma5:amd64 <none> 5.8.1-1+deb13u1
2026-08-23 05:42:05 status half-installed liblzma5:amd64 5.8.1-1+deb13u1
2026-08-23 05:42:05 status unpacked liblzma5:amd64 5.8.1-1+deb13u1
2026-08-23 05:42:05 install libssl3t64:amd64 <none> 3.5.6-1~deb13u2
2026-08-23 05:42:05 status half-installed libssl3t64:amd64 3.5.6-1~deb13u2
2026-08-23 05:42:05 status unpacked libssl3t64:amd64 3.5.6-1~deb13u2
2026-08-23 05:42:05 install libstdc++6:amd64 <none> 14.2.0-19
2026-08-23 05:42:05 status half-installed libstdc++6:amd64 14.2.0-19
2026-08-23 05:42:05 status unpacked libstdc++6:amd64 14.2.0-19
2026-08-23 05:42:05 install libcap2:amd64 <none> 1:2.75-10+deb13u1+b1
2026-08-23 05:42:05 status half-installed libcap2:amd64 1:2.75-10+deb13u1+b1
2026-08-23 05:42:05 status unpacked libcap2:amd64 1:2.75-10+deb13u1+b1
2026-08-23 05:42:05 install libapt-pkg7.0:amd64 <none> 3.0.3
2026-08-23 05:42:05 status half-installed libapt-pkg7.0:amd64 3.0.3
2026-08-23 05:42:05 status unpacked libapt-pkg7.0:amd64 3.0.3
2026-08-23 05:42:05 install debian-archive-keyring:all <none> 2025.1
2026-08-23 05:42:05 status half-installed debian-archive-keyring:all 2025.1
2026-08-23 05:42:05 status unpacked debian-archive-keyring:all 2025.1
2026-08-23 05:42:05 install libseccomp2:amd64 <none> 2.6.0-2
2026-08-23 05:42:05 status half-installed libseccomp2:amd64 2.6.0-2
2026-08-23 05:42:05 status unpacked libseccomp2:amd64 2.6.0-2
2026-08-23 05:42:05 install libcrypt1:amd64 <none> 1:4.4.38-1
2026-08-23 05:42:05 status half-installed libcrypt1:amd64 1:4.4.38-1
2026-08-23 05:42:05 status unpacked libcrypt1:amd64 1:4.4.38-1
2026-08-23 05:42:05 upgrade debconf:all 1.5.91 1.5.91
2026-08-23 05:42:05 status half-configured debconf:all 1.5.91
2026-08-23 05:42:05 status unpacked debconf:all 1.5.91
2026-08-23 05:42:05 status half-installed debconf:all 1.5.91
2026-08-23 05:42:06 status unpacked debconf:all 1.5.91
2026-08-23 05:42:06 upgrade base-passwd:amd64 3.6.7 3.6.7
2026-08-23 05:42:06 status half-configured base-passwd:amd64 3.6.7
2026-08-23 05:42:06 status unpacked base-passwd:amd64 3.6.7
2026-08-23 05:42:06 status half-installed base-passwd:amd64 3.6.7
2026-08-23 05:42:06 status unpacked base-passwd:amd64 3.6.7
2026-08-23 05:42:06 install apt:amd64 <none> 3.0.3
2026-08-23 05:42:06 status half-installed apt:amd64 3.0.3
2026-08-23 05:42:06 status unpacked apt:amd64 3.0.3
2026-08-23 05:42:06 upgrade base-files:amd64 13.8+deb13u6 13.8+deb13u6
2026-08-23 05:42:06 status half-configured base-files:amd64 13.8+deb13u6
2026-08-23 05:42:06 status unpacked base-files:amd64 13.8+deb13u6
2026-08-23 05:42:06 status half-installed base-files:amd64 13.8+deb13u6
2026-08-23 05:42:06 status unpacked base-files:amd64 13.8+deb13u6
2026-08-23 05:42:06 install debianutils:amd64 <none> 5.23.2
2026-08-23 05:42:06 status half-installed debianutils:amd64 5.23.2
2026-08-23 05:42:06 status unpacked debianutils:amd64 5.23.2
2026-08-23 05:42:06 install bash:amd64 <none> 5.2.37-2+b9
2026-08-23 05:42:06 status half-installed bash:amd64 5.2.37-2+b9
2026-08-23 05:42:06 status unpacked bash:amd64 5.2.37-2+b9
2026-08-23 05:42:06 install libsmartcols1:amd64 <none> 2.41-5
2026-08-23 05:42:06 status half-installed libsmartcols1:amd64 2.41-5
2026-08-23 05:42:06 status unpacked libsmartcols1:amd64 2.41-5
2026-08-23 05:42:06 install bsdutils:amd64 <none> 1:2.41-5
2026-08-23 05:42:06 status half-installed bsdutils:amd64 1:2.41-5
2026-08-23 05:42:06 status unpacked bsdutils:amd64 1:2.41-5
2026-08-23 05:42:06 install libacl1:amd64 <none> 2.3.2-2+b1
2026-08-23 05:42:06 status half-installed libacl1:amd64 2.3.2-2+b1
2026-08-23 05:42:06 status unpacked libacl1:amd64 2.3.2-2+b1
2026-08-23 05:42:06 install libattr1:amd64 <none> 1:2.5.2-3
2026-08-23 05:42:06 status half-installed libattr1:amd64 1:2.5.2-3
2026-08-23 05:42:06 status unpacked libattr1:amd64 1:2.5.2-3
2026-08-23 05:42:06 install coreutils:amd64 <none> 9.7-3
2026-08-23 05:42:06 status half-installed coreutils:amd64 9.7-3
2026-08-23 05:42:06 status unpacked coreutils:amd64 9.7-3
2026-08-23 05:42:06 install dash:amd64 <none> 0.5.12-12
2026-08-23 05:42:06 status half-installed dash:amd64 0.5.12-12
2026-08-23 05:42:06 status unpacked dash:amd64 0.5.12-12
2026-08-23 05:42:06 install diffutils:amd64 <none> 1:3.10-4
2026-08-23 05:42:06 status half-installed diffutils:amd64 1:3.10-4
2026-08-23 05:42:06 status unpacked diffutils:amd64 1:3.10-4
2026-08-23 05:42:06 install libmd0:amd64 <none> 1.1.0-2+b1
2026-08-23 05:42:06 status half-installed libmd0:amd64 1.1.0-2+b1
2026-08-23 05:42:06 status unpacked libmd0:amd64 1.1.0-2+b1
2026-08-23 05:42:06 upgrade dpkg:amd64 1.22.22 1.22.22
2026-08-23 05:42:06 status half-configured dpkg:amd64 1.22.22
2026-08-23 05:42:06 status unpacked dpkg:amd64 1.22.22
2026-08-23 05:42:06 status half-installed dpkg:amd64 1.22.22
2026-08-23 05:42:06 status unpacked dpkg:amd64 1.22.22
2026-08-23 05:42:06 install findutils:amd64 <none> 4.10.0-3
2026-08-23 05:42:06 status half-installed findutils:amd64 4.10.0-3
2026-08-23 05:42:07 status unpacked findutils:amd64 4.10.0-3
2026-08-23 05:42:07 install grep:amd64 <none> 3.11-4
2026-08-23 05:42:07 status half-installed grep:amd64 3.11-4
2026-08-23 05:42:07 status unpacked grep:amd64 3.11-4
2026-08-23 05:42:07 install gzip:amd64 <none> 1.13-1
2026-08-23 05:42:07 status half-installed gzip:amd64 1.13-1
2026-08-23 05:42:07 status unpacked gzip:amd64 1.13-1
2026-08-23 05:42:07 install hostname:amd64 <none> 3.25
2026-08-23 05:42:07 status half-installed hostname:amd64 3.25
2026-08-23 05:42:07 status unpacked hostname:amd64 3.25
2026-08-23 05:42:07 install init-system-helpers:all <none> 1.69~deb13u1
2026-08-23 05:42:07 status half-installed init-system-helpers:all 1.69~deb13u1
2026-08-23 05:42:07 status unpacked init-system-helpers:all 1.69~deb13u1
2026-08-23 05:42:07 install libaudit-common:all <none> 1:4.0.2-2
2026-08-23 05:42:07 status half-installed libaudit-common:all 1:4.0.2-2
2026-08-23 05:42:07 status unpacked libaudit-common:all 1:4.0.2-2
2026-08-23 05:42:07 install libcap-ng0:amd64 <none> 0.8.5-4+b1
2026-08-23 05:42:07 status half-installed libcap-ng0:amd64 0.8.5-4+b1
2026-08-23 05:42:07 status unpacked libcap-ng0:amd64 0.8.5-4+b1
2026-08-23 05:42:07 install libaudit1:amd64 <none> 1:4.0.2-2+b2
2026-08-23 05:42:07 status half-installed libaudit1:amd64 1:4.0.2-2+b2
2026-08-23 05:42:07 status unpacked libaudit1:amd64 1:4.0.2-2+b2
2026-08-23 05:42:07 install libblkid1:amd64 <none> 2.41-5
2026-08-23 05:42:07 status half-installed libblkid1:amd64 2.41-5
2026-08-23 05:42:07 status unpacked libblkid1:amd64 2.41-5
2026-08-23 05:42:07 install libbsd0:amd64 <none> 0.12.2-2
2026-08-23 05:42:07 status half-installed libbsd0:amd64 0.12.2-2
2026-08-23 05:42:07 status unpacked libbsd0:amd64 0.12.2-2
2026-08-23 05:42:07 install libc-bin:amd64 <none> 2.41-12+deb13u3
2026-08-23 05:42:07 status half-installed libc-bin:amd64 2.41-12+deb13u3
2026-08-23 05:42:07 status unpacked libc-bin:amd64 2.41-12+deb13u3
2026-08-23 05:42:07 install libdb5.3t64:amd64 <none> 5.3.28+dfsg2-9
2026-08-23 05:42:07 status half-installed libdb5.3t64:amd64 5.3.28+dfsg2-9
2026-08-23 05:42:07 status unpacked libdb5.3t64:amd64 5.3.28+dfsg2-9
2026-08-23 05:42:07 install libsqlite3-0:amd64 <none> 3.46.1-7+deb13u1
2026-08-23 05:42:07 status half-installed libsqlite3-0:amd64 3.46.1-7+deb13u1
2026-08-23 05:42:07 status unpacked libsqlite3-0:amd64 3.46.1-7+deb13u1
2026-08-23 05:42:07 install liblastlog2-2:amd64 <none> 2.41-5
2026-08-23 05:42:07 status half-installed liblastlog2-2:amd64 2.41-5
2026-08-23 05:42:07 status unpacked liblastlog2-2:amd64 2.41-5
2026-08-23 05:42:07 install libmount1:amd64 <none> 2.41-5
2026-08-23 05:42:07 status half-installed libmount1:amd64 2.41-5
2026-08-23 05:42:07 status unpacked libmount1:amd64 2.41-5
2026-08-23 05:42:07 install libpam0g:amd64 <none> 1.7.0-5
2026-08-23 05:42:07 status half-installed libpam0g:amd64 1.7.0-5
2026-08-23 05:42:07 status unpacked libpam0g:amd64 1.7.0-5
2026-08-23 05:42:07 install libpam-modules-bin:amd64 <none> 1.7.0-5
2026-08-23 05:42:07 status half-installed libpam-modules-bin:amd64 1.7.0-5
2026-08-23 05:42:07 status unpacked libpam-modules-bin:amd64 1.7.0-5
2026-08-23 05:42:07 install libpam-modules:amd64 <none> 1.7.0-5
2026-08-23 05:42:07 status half-installed libpam-modules:amd64 1.7.0-5
2026-08-23 05:42:07 status unpacked libpam-modules:amd64 1.7.0-5
2026-08-23 05:42:07 install libpam-runtime:all <none> 1.7.0-5
2026-08-23 05:42:07 status half-installed libpam-runtime:all 1.7.0-5
2026-08-23 05:42:07 status unpacked libpam-runtime:all 1.7.0-5
2026-08-23 05:42:07 install libsemanage-common:all <none> 3.8.1-1
2026-08-23 05:42:07 status half-installed libsemanage-common:all 3.8.1-1
2026-08-23 05:42:07 status unpacked libsemanage-common:all 3.8.1-1
2026-08-23 05:42:07 install libsepol2:amd64 <none> 3.8.1-1
2026-08-23 05:42:07 status half-installed libsepol2:amd64 3.8.1-1
2026-08-23 05:42:07 status unpacked libsepol2:amd64 3.8.1-1
2026-08-23 05:42:08 install libsemanage2:amd64 <none> 3.8.1-1
2026-08-23 05:42:08 status half-installed libsemanage2:amd64 3.8.1-1
2026-08-23 05:42:08 status unpacked libsemanage2:amd64 3.8.1-1
2026-08-23 05:42:08 upgrade mawk:amd64 1.3.4.20250131-1 1.3.4.20250131-1
2026-08-23 05:42:08 status half-configured mawk:amd64 1.3.4.20250131-1
2026-08-23 05:42:08 status unpacked mawk:amd64 1.3.4.20250131-1
2026-08-23 05:42:08 status half-installed mawk:amd64 1.3.4.20250131-1
2026-08-23 05:42:08 status unpacked mawk:amd64 1.3.4.20250131-1
2026-08-23 05:42:08 install sqv:amd64 <none> 1.3.0-3+b2
2026-08-23 05:42:08 status half-installed sqv:amd64 1.3.0-3+b2
2026-08-23 05:42:08 status unpacked sqv:amd64 1.3.0-3+b2
2026-08-23 05:42:08 install libxxhash0:amd64 <none> 0.8.3-2
2026-08-23 05:42:08 status half-installed libxxhash0:amd64 0.8.3-2
2026-08-23 05:42:08 status unpacked libxxhash0:amd64 0.8.3-2
2026-08-23 05:42:08 install libzstd1:amd64 <none> 1.5.7+dfsg-1
2026-08-23 05:42:08 status half-installed libzstd1:amd64 1.5.7+dfsg-1
2026-08-23 05:42:08 status unpacked libzstd1:amd64 1.5.7+dfsg-1
2026-08-23 05:42:08 install zlib1g:amd64 <none> 1:1.3.dfsg+really1.3.1-1+b1
2026-08-23 05:42:08 status half-installed zlib1g:amd64 1:1.3.dfsg+really1.3.1-1+b1
2026-08-23 05:42:08 status unpacked zlib1g:amd64 1:1.3.dfsg+really1.3.1-1+b1
2026-08-23 05:42:08 install openssl-provider-legacy:amd64 <none> 3.5.6-1~deb13u2
2026-08-23 05:42:08 status half-installed openssl-provider-legacy:amd64 3.5.6-1~deb13u2
2026-08-23 05:42:08 status unpacked openssl-provider-legacy:amd64 3.5.6-1~deb13u2
2026-08-23 05:42:08 install libsystemd0:amd64 <none> 257.13-1~deb13u1
2026-08-23 05:42:08 status half-installed libsystemd0:amd64 257.13-1~deb13u1
2026-08-23 05:42:08 status unpacked libsystemd0:amd64 257.13-1~deb13u1
2026-08-23 05:42:08 install libudev1:amd64 <none> 257.13-1~deb13u1
2026-08-23 05:42:08 status half-installed libudev1:amd64 257.13-1~deb13u1
2026-08-23 05:42:08 status unpacked libudev1:amd64 257.13-1~deb13u1
2026-08-23 05:42:08 upgrade perl-base:amd64 5.40.1-6 5.40.1-6
2026-08-23 05:42:08 status half-configured perl-base:amd64 5.40.1-6
2026-08-23 05:42:08 status unpacked perl-base:amd64 5.40.1-6
2026-08-23 05:42:08 status half-installed perl-base:amd64 5.40.1-6
2026-08-23 05:42:08 status unpacked perl-base:amd64 5.40.1-6
2026-08-23 05:42:08 install libtinfo6:amd64 <none> 6.5+20250216-2
2026-08-23 05:42:08 status half-installed libtinfo6:amd64 6.5+20250216-2
2026-08-23 05:42:08 status unpacked libtinfo6:amd64 6.5+20250216-2
2026-08-23 05:42:08 install tar:amd64 <none> 1.35+dfsg-3.1
2026-08-23 05:42:08 status half-installed tar:amd64 1.35+dfsg-3.1
2026-08-23 05:42:08 status unpacked tar:amd64 1.35+dfsg-3.1
2026-08-23 05:42:08 install libuuid1:amd64 <none> 2.41-5
2026-08-23 05:42:08 status half-installed libuuid1:amd64 2.41-5
2026-08-23 05:42:08 status unpacked libuuid1:amd64 2.41-5
2026-08-23 05:42:08 install login.defs:all <none> 1:4.17.4-2
2026-08-23 05:42:08 status half-installed login.defs:all 1:4.17.4-2
2026-08-23 05:42:08 status unpacked login.defs:all 1:4.17.4-2
2026-08-23 05:42:08 install login:amd64 <none> 1:4.16.0-2+really2.41-5
2026-08-23 05:42:08 status half-installed login:amd64 1:4.16.0-2+really2.41-5
2026-08-23 05:42:08 status unpacked login:amd64 1:4.16.0-2+really2.41-5
2026-08-23 05:42:08 install mount:amd64 <none> 2.41-5
2026-08-23 05:42:08 status half-installed mount:amd64 2.41-5
2026-08-23 05:42:08 status unpacked mount:amd64 2.41-5
2026-08-23 05:42:08 install ncurses-base:all <none> 6.5+20250216-2
2026-08-23 05:42:08 status half-installed ncurses-base:all 6.5+20250216-2
2026-08-23 05:42:08 status unpacked ncurses-base:all 6.5+20250216-2
2026-08-23 05:42:08 install ncurses-bin:amd64 <none> 6.5+20250216-2
2026-08-23 05:42:08 status half-installed ncurses-bin:amd64 6.5+20250216-2
2026-08-23 05:42:08 status unpacked ncurses-bin:amd64 6.5+20250216-2
2026-08-23 05:42:08 install passwd:amd64 <none> 1:4.17.4-2
2026-08-23 05:42:08 status half-installed passwd:amd64 1:4.17.4-2
2026-08-23 05:42:09 status unpacked passwd:amd64 1:4.17.4-2
2026-08-23 05:42:09 install sed:amd64 <none> 4.9-2+deb13u1
2026-08-23 05:42:09 status half-installed sed:amd64 4.9-2+deb13u1
2026-08-23 05:42:09 status unpacked sed:amd64 4.9-2+deb13u1
2026-08-23 05:42:09 install sysvinit-utils:amd64 <none> 3.14-4
2026-08-23 05:42:09 status half-installed sysvinit-utils:amd64 3.14-4
2026-08-23 05:42:09 status unpacked sysvinit-utils:amd64 3.14-4
2026-08-23 05:42:09 install tzdata:all <none> 2026b-0+deb13u1
2026-08-23 05:42:09 status half-installed tzdata:all 2026b-0+deb13u1
2026-08-23 05:42:09 status unpacked tzdata:all 2026b-0+deb13u1
2026-08-23 05:42:09 install util-linux:amd64 <none> 2.41-5
2026-08-23 05:42:09 status half-installed util-linux:amd64 2.41-5
2026-08-23 05:42:09 status unpacked util-linux:amd64 2.41-5
2026-08-23 05:42:09 startup packages configure
2026-08-23 05:42:09 configure gcc-14-base:amd64 14.2.0-19 <none>
2026-08-23 05:42:09 status unpacked gcc-14-base:amd64 14.2.0-19
2026-08-23 05:42:09 status half-configured gcc-14-base:amd64 14.2.0-19
2026-08-23 05:42:09 status installed gcc-14-base:amd64 14.2.0-19
2026-08-23 05:42:09 configure login.defs:all 1:4.17.4-2 <none>
2026-08-23 05:42:09 status unpacked login.defs:all 1:4.17.4-2
2026-08-23 05:42:09 status half-configured login.defs:all 1:4.17.4-2
2026-08-23 05:42:09 status installed login.defs:all 1:4.17.4-2
2026-08-23 05:42:09 configure debian-archive-keyring:all 2025.1 <none>
2026-08-23 05:42:09 status unpacked debian-archive-keyring:all 2025.1
2026-08-23 05:42:09 status half-configured debian-archive-keyring:all 2025.1
2026-08-23 05:42:09 status installed debian-archive-keyring:all 2025.1
2026-08-23 05:42:09 configure libaudit-common:all 1:4.0.2-2 <none>
2026-08-23 05:42:09 status unpacked libaudit-common:all 1:4.0.2-2
2026-08-23 05:42:09 status half-configured libaudit-common:all 1:4.0.2-2
2026-08-23 05:42:09 status installed libaudit-common:all 1:4.0.2-2
2026-08-23 05:42:09 configure libsemanage-common:all 3.8.1-1 <none>
2026-08-23 05:42:09 status unpacked libsemanage-common:all 3.8.1-1
2026-08-23 05:42:09 status half-configured libsemanage-common:all 3.8.1-1
2026-08-23 05:42:09 status installed libsemanage-common:all 3.8.1-1
2026-08-23 05:42:09 configure debconf:all 1.5.91 <none>
2026-08-23 05:42:09 status unpacked debconf:all 1.5.91
2026-08-23 05:42:09 status half-configured debconf:all 1.5.91
2026-08-23 05:42:09 status installed debconf:all 1.5.91
2026-08-23 05:42:09 configure tzdata:all 2026b-0+deb13u1 <none>
2026-08-23 05:42:09 status unpacked tzdata:all 2026b-0+deb13u1
2026-08-23 05:42:09 status half-configured tzdata:all 2026b-0+deb13u1
2026-08-23 05:42:09 status installed tzdata:all 2026b-0+deb13u1
2026-08-23 05:42:09 configure ncurses-base:all 6.5+20250216-2 <none>
2026-08-23 05:42:09 status unpacked ncurses-base:all 6.5+20250216-2
2026-08-23 05:42:09 status half-configured ncurses-base:all 6.5+20250216-2
2026-08-23 05:42:09 status installed ncurses-base:all 6.5+20250216-2
2026-08-23 05:42:09 configure init-system-helpers:all 1.69~deb13u1 <none>
2026-08-23 05:42:09 status unpacked init-system-helpers:all 1.69~deb13u1
2026-08-23 05:42:09 status half-configured init-system-helpers:all 1.69~deb13u1
2026-08-23 05:42:09 status installed init-system-helpers:all 1.69~deb13u1
2026-08-23 05:42:09 configure libgcc-s1:amd64 14.2.0-19 <none>
2026-08-23 05:42:09 status unpacked libgcc-s1:amd64 14.2.0-19
2026-08-23 05:42:09 status half-configured libgcc-s1:amd64 14.2.0-19
2026-08-23 05:42:09 status installed libgcc-s1:amd64 14.2.0-19
2026-08-23 05:42:09 configure libc6:amd64 2.41-12+deb13u3 <none>
2026-08-23 05:42:09 status unpacked libc6:amd64 2.41-12+deb13u3
2026-08-23 05:42:09 status half-configured libc6:amd64 2.41-12+deb13u3
2026-08-23 05:42:09 status installed libc6:amd64 2.41-12+deb13u3
2026-08-23 05:42:09 configure libdb5.3t64:amd64 5.3.28+dfsg2-9 <none>
2026-08-23 05:42:09 status unpacked libdb5.3t64:amd64 5.3.28+dfsg2-9
2026-08-23 05:42:09 status half-configured libdb5.3t64:amd64 5.3.28+dfsg2-9
2026-08-23 05:42:09 status installed libdb5.3t64:amd64 5.3.28+dfsg2-9
2026-08-23 05:42:09 configure libmd0:amd64 1.1.0-2+b1 <none>
2026-08-23 05:42:09 status unpacked libmd0:amd64 1.1.0-2+b1
2026-08-23 05:42:09 status half-configured libmd0:amd64 1.1.0-2+b1
2026-08-23 05:42:09 status installed libmd0:amd64 1.1.0-2+b1
2026-08-23 05:42:09 configure libxxhash0:amd64 0.8.3-2 <none>
2026-08-23 05:42:09 status unpacked libxxhash0:amd64 0.8.3-2
2026-08-23 05:42:09 status half-configured libxxhash0:amd64 0.8.3-2
2026-08-23 05:42:09 status installed libxxhash0:amd64 0.8.3-2
2026-08-23 05:42:09 configure libattr1:amd64 1:2.5.2-3 <none>
2026-08-23 05:42:09 status unpacked libattr1:amd64 1:2.5.2-3
2026-08-23 05:42:09 status half-configured libattr1:amd64 1:2.5.2-3
2026-08-23 05:42:09 status installed libattr1:amd64 1:2.5.2-3
2026-08-23 05:42:09 configure sysvinit-utils:amd64 3.14-4 <none>
2026-08-23 05:42:09 status unpacked sysvinit-utils:amd64 3.14-4
2026-08-23 05:42:09 status half-configured sysvinit-utils:amd64 3.14-4
2026-08-23 05:42:09 status installed sysvinit-utils:amd64 3.14-4
2026-08-23 05:42:09 configure debianutils:amd64 5.23.2 <none>
2026-08-23 05:42:09 status unpacked debianutils:amd64 5.23.2
2026-08-23 05:42:09 status half-configured debianutils:amd64 5.23.2
2026-08-23 05:42:09 status installed debianutils:amd64 5.23.2
2026-08-23 05:42:09 configure mawk:amd64 1.3.4.20250131-1 <none>
2026-08-23 05:42:09 status unpacked mawk:amd64 1.3.4.20250131-1
2026-08-23 05:42:09 status half-configured mawk:amd64 1.3.4.20250131-1
2026-08-23 05:42:09 status installed mawk:amd64 1.3.4.20250131-1
2026-08-23 05:42:09 configure libdebconfclient0:amd64 0.280 <none>
2026-08-23 05:42:09 status unpacked libdebconfclient0:amd64 0.280
2026-08-23 05:42:09 status half-configured libdebconfclient0:amd64 0.280
2026-08-23 05:42:09 status installed libdebconfclient0:amd64 0.280
2026-08-23 05:42:09 configure base-files:amd64 13.8+deb13u6 <none>
2026-08-23 05:42:09 status unpacked base-files:amd64 13.8+deb13u6
2026-08-23 05:42:09 status half-configured base-files:amd64 13.8+deb13u6
2026-08-23 05:42:09 status installed base-files:amd64 13.8+deb13u6
2026-08-23 05:42:09 configure libbz2-1.0:amd64 1.0.8-6 <none>
2026-08-23 05:42:09 status unpacked libbz2-1.0:amd64 1.0.8-6
2026-08-23 05:42:09 status half-configured libbz2-1.0:amd64 1.0.8-6
2026-08-23 05:42:09 status installed libbz2-1.0:amd64 1.0.8-6
2026-08-23 05:42:10 configure libbsd0:amd64 0.12.2-2 <none>
2026-08-23 05:42:10 status unpacked libbsd0:amd64 0.12.2-2
2026-08-23 05:42:10 status half-configured libbsd0:amd64 0.12.2-2
2026-08-23 05:42:10 status installed libbsd0:amd64 0.12.2-2
2026-08-23 05:42:10 configure libblkid1:amd64 2.41-5 <none>
2026-08-23 05:42:10 status unpacked libblkid1:amd64 2.41-5
2026-08-23 05:42:10 status half-configured libblkid1:amd64 2.41-5
2026-08-23 05:42:10 status installed libblkid1:amd64 2.41-5
2026-08-23 05:42:10 configure libstdc++6:amd64 14.2.0-19 <none>
2026-08-23 05:42:10 status unpacked libstdc++6:amd64 14.2.0-19
2026-08-23 05:42:10 status half-configured libstdc++6:amd64 14.2.0-19
2026-08-23 05:42:10 status installed libstdc++6:amd64 14.2.0-19
2026-08-23 05:42:10 configure dash:amd64 0.5.12-12 <none>
2026-08-23 05:42:10 status unpacked dash:amd64 0.5.12-12
2026-08-23 05:42:10 status half-configured dash:amd64 0.5.12-12
2026-08-23 05:42:10 status installed dash:amd64 0.5.12-12
2026-08-23 05:42:10 configure libtinfo6:amd64 6.5+20250216-2 <none>
2026-08-23 05:42:10 status unpacked libtinfo6:amd64 6.5+20250216-2
2026-08-23 05:42:10 status half-configured libtinfo6:amd64 6.5+20250216-2
2026-08-23 05:42:10 status installed libtinfo6:amd64 6.5+20250216-2
2026-08-23 05:42:10 configure bash:amd64 5.2.37-2+b9 <none>
2026-08-23 05:42:10 status unpacked bash:amd64 5.2.37-2+b9
2026-08-23 05:42:10 status half-configured bash:amd64 5.2.37-2+b9
2026-08-23 05:42:10 status installed bash:amd64 5.2.37-2+b9
2026-08-23 05:42:10 configure libzstd1:amd64 1.5.7+dfsg-1 <none>
2026-08-23 05:42:10 status unpacked libzstd1:amd64 1.5.7+dfsg-1
2026-08-23 05:42:10 status half-configured libzstd1:amd64 1.5.7+dfsg-1
2026-08-23 05:42:10 status installed libzstd1:amd64 1.5.7+dfsg-1
2026-08-23 05:42:10 configure liblzma5:amd64 5.8.1-1+deb13u1 <none>
2026-08-23 05:42:10 status unpacked liblzma5:amd64 5.8.1-1+deb13u1
2026-08-23 05:42:10 status half-configured liblzma5:amd64 5.8.1-1+deb13u1
2026-08-23 05:42:10 status installed liblzma5:amd64 5.8.1-1+deb13u1
2026-08-23 05:42:10 configure liblz4-1:amd64 1.10.0-4 <none>
2026-08-23 05:42:10 status unpacked liblz4-1:amd64 1.10.0-4
2026-08-23 05:42:10 status half-configured liblz4-1:amd64 1.10.0-4
2026-08-23 05:42:10 status installed liblz4-1:amd64 1.10.0-4
2026-08-23 05:42:10 configure libc-bin:amd64 2.41-12+deb13u3 <none>
2026-08-23 05:42:10 status unpacked libc-bin:amd64 2.41-12+deb13u3
2026-08-23 05:42:10 status half-configured libc-bin:amd64 2.41-12+deb13u3
2026-08-23 05:42:10 status installed libc-bin:amd64 2.41-12+deb13u3
2026-08-23 05:42:10 configure libsqlite3-0:amd64 3.46.1-7+deb13u1 <none>
2026-08-23 05:42:10 status triggers-pending libc-bin:amd64 2.41-12+deb13u3
2026-08-23 05:42:10 status unpacked libsqlite3-0:amd64 3.46.1-7+deb13u1
2026-08-23 05:42:10 status half-configured libsqlite3-0:amd64 3.46.1-7+deb13u1
2026-08-23 05:42:10 status installed libsqlite3-0:amd64 3.46.1-7+deb13u1
2026-08-23 05:42:10 configure ncurses-bin:amd64 6.5+20250216-2 <none>
2026-08-23 05:42:10 status unpacked ncurses-bin:amd64 6.5+20250216-2
2026-08-23 05:42:10 status half-configured ncurses-bin:amd64 6.5+20250216-2
2026-08-23 05:42:10 status installed ncurses-bin:amd64 6.5+20250216-2
2026-08-23 05:42:10 configure libacl1:amd64 2.3.2-2+b1 <none>
2026-08-23 05:42:10 status unpacked libacl1:amd64 2.3.2-2+b1
2026-08-23 05:42:10 status half-configured libacl1:amd64 2.3.2-2+b1
2026-08-23 05:42:10 status installed libacl1:amd64 2.3.2-2+b1
2026-08-23 05:42:10 configure libsmartcols1:amd64 2.41-5 <none>
2026-08-23 05:42:10 status unpacked libsmartcols1:amd64 2.41-5
2026-08-23 05:42:10 status half-configured libsmartcols1:amd64 2.41-5
2026-08-23 05:42:10 status installed libsmartcols1:amd64 2.41-5
2026-08-23 05:42:10 configure zlib1g:amd64 1:1.3.dfsg+really1.3.1-1+b1 <none>
2026-08-23 05:42:10 status unpacked zlib1g:amd64 1:1.3.dfsg+really1.3.1-1+b1
2026-08-23 05:42:10 status half-configured zlib1g:amd64 1:1.3.dfsg+really1.3.1-1+b1
2026-08-23 05:42:10 status installed zlib1g:amd64 1:1.3.dfsg+really1.3.1-1+b1
2026-08-23 05:42:10 configure libcrypt1:amd64 1:4.4.38-1 <none>
2026-08-23 05:42:10 status unpacked libcrypt1:amd64 1:4.4.38-1
2026-08-23 05:42:10 status half-configured libcrypt1:amd64 1:4.4.38-1
2026-08-23 05:42:10 status installed libcrypt1:amd64 1:4.4.38-1
2026-08-23 05:42:10 configure diffutils:amd64 1:3.10-4 <none>
2026-08-23 05:42:10 status unpacked diffutils:amd64 1:3.10-4
2026-08-23 05:42:10 status half-configured diffutils:amd64 1:3.10-4
2026-08-23 05:42:10 status installed diffutils:amd64 1:3.10-4
2026-08-23 05:42:10 configure libseccomp2:amd64 2.6.0-2 <none>
2026-08-23 05:42:10 status unpacked libseccomp2:amd64 2.6.0-2
2026-08-23 05:42:10 status half-configured libseccomp2:amd64 2.6.0-2
2026-08-23 05:42:10 status installed libseccomp2:amd64 2.6.0-2
2026-08-23 05:42:10 configure libcap2:amd64 1:2.75-10+deb13u1+b1 <none>
2026-08-23 05:42:10 status unpacked libcap2:amd64 1:2.75-10+deb13u1+b1
2026-08-23 05:42:10 status half-configured libcap2:amd64 1:2.75-10+deb13u1+b1
2026-08-23 05:42:10 status installed libcap2:amd64 1:2.75-10+deb13u1+b1
2026-08-23 05:42:10 configure perl-base:amd64 5.40.1-6 <none>
2026-08-23 05:42:10 status unpacked perl-base:amd64 5.40.1-6
2026-08-23 05:42:10 status half-configured perl-base:amd64 5.40.1-6
2026-08-23 05:42:10 status installed perl-base:amd64 5.40.1-6
2026-08-23 05:42:10 configure openssl-provider-legacy:amd64 3.5.6-1~deb13u2 <none>
2026-08-23 05:42:10 status unpacked openssl-provider-legacy:amd64 3.5.6-1~deb13u2
2026-08-23 05:42:10 status half-configured openssl-provider-legacy:amd64 3.5.6-1~deb13u2
2026-08-23 05:42:10 status installed openssl-provider-legacy:amd64 3.5.6-1~deb13u2
2026-08-23 05:42:10 configure hostname:amd64 3.25 <none>
2026-08-23 05:42:10 status unpacked hostname:amd64 3.25
2026-08-23 05:42:10 status half-configured hostname:amd64 3.25
2026-08-23 05:42:10 status installed hostname:amd64 3.25
2026-08-23 05:42:10 configure libcap-ng0:amd64 0.8.5-4+b1 <none>
2026-08-23 05:42:10 status unpacked libcap-ng0:amd64 0.8.5-4+b1
2026-08-23 05:42:10 status half-configured libcap-ng0:amd64 0.8.5-4+b1
2026-08-23 05:42:10 status installed libcap-ng0:amd64 0.8.5-4+b1
2026-08-23 05:42:10 configure libnettle8t64:amd64 3.10.1-1 <none>
2026-08-23 05:42:10 status unpacked libnettle8t64:amd64 3.10.1-1
2026-08-23 05:42:10 status half-configured libnettle8t64:amd64 3.10.1-1
2026-08-23 05:42:10 status installed libnettle8t64:amd64 3.10.1-1
2026-08-23 05:42:10 configure libgmp10:amd64 2:6.3.0+dfsg-3 <none>
2026-08-23 05:42:10 status unpacked libgmp10:amd64 2:6.3.0+dfsg-3
2026-08-23 05:42:10 status half-configured libgmp10:amd64 2:6.3.0+dfsg-3
2026-08-23 05:42:10 status installed libgmp10:amd64 2:6.3.0+dfsg-3
2026-08-23 05:42:10 configure libaudit1:amd64 1:4.0.2-2+b2 <none>
2026-08-23 05:42:10 status unpacked libaudit1:amd64 1:4.0.2-2+b2
2026-08-23 05:42:10 status half-configured libaudit1:amd64 1:4.0.2-2+b2
2026-08-23 05:42:10 status installed libaudit1:amd64 1:4.0.2-2+b2
2026-08-23 05:42:10 configure gzip:amd64 1.13-1 <none>
2026-08-23 05:42:10 status unpacked gzip:amd64 1.13-1
2026-08-23 05:42:10 status half-configured gzip:amd64 1.13-1
2026-08-23 05:42:10 status installed gzip:amd64 1.13-1
2026-08-23 05:42:10 configure libuuid1:amd64 2.41-5 <none>
2026-08-23 05:42:10 status unpacked libuuid1:amd64 2.41-5
2026-08-23 05:42:10 status half-configured libuuid1:amd64 2.41-5
2026-08-23 05:42:10 status installed libuuid1:amd64 2.41-5
2026-08-23 05:42:10 configure libsepol2:amd64 3.8.1-1 <none>
2026-08-23 05:42:10 status unpacked libsepol2:amd64 3.8.1-1
2026-08-23 05:42:10 status half-configured libsepol2:amd64 3.8.1-1
2026-08-23 05:42:10 status installed libsepol2:amd64 3.8.1-1
2026-08-23 05:42:10 configure libpcre2-8-0:amd64 10.46-1~deb13u1 <none>
2026-08-23 05:42:10 status unpacked libpcre2-8-0:amd64 10.46-1~deb13u1
2026-08-23 05:42:10 status half-configured libpcre2-8-0:amd64 10.46-1~deb13u1
2026-08-23 05:42:10 status installed libpcre2-8-0:amd64 10.46-1~deb13u1
2026-08-23 05:42:10 configure libudev1:amd64 257.13-1~deb13u1 <none>
2026-08-23 05:42:10 status unpacked libudev1:amd64 257.13-1~deb13u1
2026-08-23 05:42:10 status half-configured libudev1:amd64 257.13-1~deb13u1
2026-08-23 05:42:10 status installed libudev1:amd64 257.13-1~deb13u1
2026-08-23 05:42:10 configure libhogweed6t64:amd64 3.10.1-1 <none>
2026-08-23 05:42:10 status unpacked libhogweed6t64:amd64 3.10.1-1
2026-08-23 05:42:10 status half-configured libhogweed6t64:amd64 3.10.1-1
2026-08-23 05:42:10 status installed libhogweed6t64:amd64 3.10.1-1
2026-08-23 05:42:10 configure sqv:amd64 1.3.0-3+b2 <none>
2026-08-23 05:42:10 status unpacked sqv:amd64 1.3.0-3+b2
2026-08-23 05:42:10 status half-configured sqv:amd64 1.3.0-3+b2
2026-08-23 05:42:10 status installed sqv:amd64 1.3.0-3+b2
2026-08-23 05:42:10 configure grep:amd64 3.11-4 <none>
2026-08-23 05:42:10 status unpacked grep:amd64 3.11-4
2026-08-23 05:42:10 status half-configured grep:amd64 3.11-4
2026-08-23 05:42:10 status installed grep:amd64 3.11-4
2026-08-23 05:42:10 configure libssl3t64:amd64 3.5.6-1~deb13u2 <none>
2026-08-23 05:42:10 status unpacked libssl3t64:amd64 3.5.6-1~deb13u2
2026-08-23 05:42:10 status half-configured libssl3t64:amd64 3.5.6-1~deb13u2
2026-08-23 05:42:10 status installed libssl3t64:amd64 3.5.6-1~deb13u2
2026-08-23 05:42:10 configure liblastlog2-2:amd64 2.41-5 <none>
2026-08-23 05:42:10 status unpacked liblastlog2-2:amd64 2.41-5
2026-08-23 05:42:10 status half-configured liblastlog2-2:amd64 2.41-5
2026-08-23 05:42:10 status installed liblastlog2-2:amd64 2.41-5
2026-08-23 05:42:10 configure libsystemd0:amd64 257.13-1~deb13u1 <none>
2026-08-23 05:42:10 status unpacked libsystemd0:amd64 257.13-1~deb13u1
2026-08-23 05:42:10 status half-configured libsystemd0:amd64 257.13-1~deb13u1
2026-08-23 05:42:10 status installed libsystemd0:amd64 257.13-1~deb13u1
2026-08-23 05:42:10 configure libselinux1:amd64 3.8.1-1 <none>
2026-08-23 05:42:10 status unpacked libselinux1:amd64 3.8.1-1
2026-08-23 05:42:10 status half-configured libselinux1:amd64 3.8.1-1
2026-08-23 05:42:10 status installed libselinux1:amd64 3.8.1-1
2026-08-23 05:42:10 configure libpam0g:amd64 1.7.0-5 <none>
2026-08-23 05:42:10 status unpacked libpam0g:amd64 1.7.0-5
2026-08-23 05:42:10 status half-configured libpam0g:amd64 1.7.0-5
2026-08-23 05:42:10 status installed libpam0g:amd64 1.7.0-5
2026-08-23 05:42:10 configure sed:amd64 4.9-2+deb13u1 <none>
2026-08-23 05:42:10 status unpacked sed:amd64 4.9-2+deb13u1
2026-08-23 05:42:10 status half-configured sed:amd64 4.9-2+deb13u1
2026-08-23 05:42:10 status installed sed:amd64 4.9-2+deb13u1
2026-08-23 05:42:10 configure findutils:amd64 4.10.0-3 <none>
2026-08-23 05:42:10 status unpacked findutils:amd64 4.10.0-3
2026-08-23 05:42:10 status half-configured findutils:amd64 4.10.0-3
2026-08-23 05:42:10 status installed findutils:amd64 4.10.0-3
2026-08-23 05:42:10 configure libmount1:amd64 2.41-5 <none>
2026-08-23 05:42:10 status unpacked libmount1:amd64 2.41-5
2026-08-23 05:42:10 status half-configured libmount1:amd64 2.41-5
2026-08-23 05:42:10 status installed libmount1:amd64 2.41-5
2026-08-23 05:42:10 configure libsemanage2:amd64 3.8.1-1 <none>
2026-08-23 05:42:10 status unpacked libsemanage2:amd64 3.8.1-1
2026-08-23 05:42:10 status half-configured libsemanage2:amd64 3.8.1-1
2026-08-23 05:42:10 status installed libsemanage2:amd64 3.8.1-1
2026-08-23 05:42:10 configure libapt-pkg7.0:amd64 3.0.3 <none>
2026-08-23 05:42:10 status unpacked libapt-pkg7.0:amd64 3.0.3
2026-08-23 05:42:10 status half-configured libapt-pkg7.0:amd64 3.0.3
2026-08-23 05:42:10 status installed libapt-pkg7.0:amd64 3.0.3
2026-08-23 05:42:10 configure base-passwd:amd64 3.6.7 <none>
2026-08-23 05:42:10 status unpacked base-passwd:amd64 3.6.7
2026-08-23 05:42:10 status half-configured base-passwd:amd64 3.6.7
2026-08-23 05:42:10 status installed base-passwd:amd64 3.6.7
2026-08-23 05:42:10 configure apt:amd64 3.0.3 <none>
2026-08-23 05:42:10 status unpacked apt:amd64 3.0.3
2026-08-23 05:42:10 status half-configured apt:amd64 3.0.3
2026-08-23 05:42:10 status installed apt:amd64 3.0.3
2026-08-23 05:42:10 configure bsdutils:amd64 1:2.41-5 <none>
2026-08-23 05:42:10 status unpacked bsdutils:amd64 1:2.41-5
2026-08-23 05:42:10 status half-configured bsdutils:amd64 1:2.41-5
2026-08-23 05:42:10 status installed bsdutils:amd64 1:2.41-5
2026-08-23 05:42:10 configure tar:amd64 1.35+dfsg-3.1 <none>
2026-08-23 05:42:10 status unpacked tar:amd64 1.35+dfsg-3.1
2026-08-23 05:42:10 status half-configured tar:amd64 1.35+dfsg-3.1
2026-08-23 05:42:10 status installed tar:amd64 1.35+dfsg-3.1
2026-08-23 05:42:10 configure libpam-modules-bin:amd64 1.7.0-5 <none>
2026-08-23 05:42:10 status unpacked libpam-modules-bin:amd64 1.7.0-5
2026-08-23 05:42:10 status half-configured libpam-modules-bin:amd64 1.7.0-5
2026-08-23 05:42:10 status installed libpam-modules-bin:amd64 1.7.0-5
2026-08-23 05:42:10 configure coreutils:amd64 9.7-3 <none>
2026-08-23 05:42:10 status unpacked coreutils:amd64 9.7-3
2026-08-23 05:42:10 status half-configured coreutils:amd64 9.7-3
2026-08-23 05:42:10 status installed coreutils:amd64 9.7-3
2026-08-23 05:42:10 configure dpkg:amd64 1.22.22 <none>
2026-08-23 05:42:10 status unpacked dpkg:amd64 1.22.22
2026-08-23 05:42:10 status half-configured dpkg:amd64 1.22.22
2026-08-23 05:42:11 status installed dpkg:amd64 1.22.22
2026-08-23 05:42:11 configure mount:amd64 2.41-5 <none>
2026-08-23 05:42:11 status unpacked mount:amd64 2.41-5
2026-08-23 05:42:11 status half-configured mount:amd64 2.41-5
2026-08-23 05:42:11 status installed mount:amd64 2.41-5
2026-08-23 05:42:11 configure libpam-modules:amd64 1.7.0-5 <none>
2026-08-23 05:42:11 status unpacked libpam-modules:amd64 1.7.0-5
2026-08-23 05:42:11 status half-configured libpam-modules:amd64 1.7.0-5
2026-08-23 05:42:11 status installed libpam-modules:amd64 1.7.0-5
2026-08-23 05:42:11 configure passwd:amd64 1:4.17.4-2 <none>
2026-08-23 05:42:11 status unpacked passwd:amd64 1:4.17.4-2
2026-08-23 05:42:11 status half-configured passwd:amd64 1:4.17.4-2
2026-08-23 05:42:11 status installed passwd:amd64 1:4.17.4-2
2026-08-23 05:42:11 configure libpam-runtime:all 1.7.0-5 <none>
2026-08-23 05:42:11 status unpacked libpam-runtime:all 1.7.0-5
2026-08-23 05:42:11 status half-configured libpam-runtime:all 1.7.0-5
2026-08-23 05:42:11 status installed libpam-runtime:all 1.7.0-5
2026-08-23 05:42:11 configure login:amd64 1:4.16.0-2+really2.41-5 <none>
2026-08-23 05:42:11 status unpacked login:amd64 1:4.16.0-2+really2.41-5
2026-08-23 05:42:11 status half-configured login:amd64 1:4.16.0-2+really2.41-5
2026-08-23 05:42:11 status installed login:amd64 1:4.16.0-2+really2.41-5
2026-08-23 05:42:11 configure util-linux:amd64 2.41-5 <none>
2026-08-23 05:42:11 status unpacked util-linux:amd64 2.41-5
2026-08-23 05:42:11 status half-configured util-linux:amd64 2.41-5
2026-08-23 05:42:11 status installed util-linux:amd64 2.41-5
2026-08-23 05:42:11 trigproc libc-bin:amd64 2.41-12+deb13u3 <none>
2026-08-23 05:42:11 status half-configured libc-bin:amd64 2.41-12+deb13u3
2026-08-23 05:42:11 status installed libc-bin:amd64 2.41-12+deb13u3
2026-08-23 05:42:11 startup archives install
2026-08-23 05:42:11 install libsystemd-shared:amd64 <none> 257.13-1~deb13u1
2026-08-23 05:42:11 status half-installed libsystemd-shared:amd64 257.13-1~deb13u1
2026-08-23 05:42:11 status unpacked libsystemd-shared:amd64 257.13-1~deb13u1
2026-08-23 05:42:11 configure libsystemd-shared:amd64 257.13-1~deb13u1 257.13-1~deb13u1
2026-08-23 05:42:11 status half-configured libsystemd-shared:amd64 257.13-1~deb13u1
2026-08-23 05:42:11 status installed libsystemd-shared:amd64 257.13-1~deb13u1
2026-08-23 05:42:11 startup archives install
2026-08-23 05:42:11 install libapparmor1:amd64 <none> 4.1.0-1
2026-08-23 05:42:11 status triggers-pending libc-bin:amd64 2.41-12+deb13u3
2026-08-23 05:42:11 status half-installed libapparmor1:amd64 4.1.0-1
2026-08-23 05:42:11 status unpacked libapparmor1:amd64 4.1.0-1
2026-08-23 05:42:11 install systemd:amd64 <none> 257.13-1~deb13u1
2026-08-23 05:42:11 status half-installed systemd:amd64 257.13-1~deb13u1
2026-08-23 05:42:11 status unpacked systemd:amd64 257.13-1~deb13u1
2026-08-23 05:42:11 configure libapparmor1:amd64 4.1.0-1 4.1.0-1
2026-08-23 05:42:11 status half-configured libapparmor1:amd64 4.1.0-1
2026-08-23 05:42:11 status installed libapparmor1:amd64 4.1.0-1
2026-08-23 05:42:12 configure systemd:amd64 257.13-1~deb13u1 257.13-1~deb13u1
2026-08-23 05:42:12 status half-configured systemd:amd64 257.13-1~deb13u1
2026-08-23 05:42:12 status installed systemd:amd64 257.13-1~deb13u1
2026-08-23 05:42:12 trigproc libc-bin:amd64 2.41-12+deb13u3 <none>
2026-08-23 05:42:12 status half-configured libc-bin:amd64 2.41-12+deb13u3
2026-08-23 05:42:12 status installed libc-bin:amd64 2.41-12+deb13u3
2026-08-23 05:42:12 startup archives install
2026-08-23 05:42:12 install systemd-sysv:amd64 <none> 257.13-1~deb13u1
2026-08-23 05:42:12 status half-installed systemd-sysv:amd64 257.13-1~deb13u1
2026-08-23 05:42:12 status unpacked systemd-sysv:amd64 257.13-1~deb13u1
2026-08-23 05:42:12 configure systemd-sysv:amd64 257.13-1~deb13u1 257.13-1~deb13u1
2026-08-23 05:42:12 status half-configured systemd-sysv:amd64 257.13-1~deb13u1
2026-08-23 05:42:12 status installed systemd-sysv:amd64 257.13-1~deb13u1
2026-08-23 05:42:12 startup archives install
2026-08-23 05:42:12 install adduser:all <none> 3.152
2026-08-23 05:42:12 status half-installed adduser:all 3.152
2026-08-23 05:42:12 status unpacked adduser:all 3.152
2026-08-23 05:42:12 install cron-daemon-common:all <none> 3.0pl1-197
2026-08-23 05:42:12 status half-installed cron-daemon-common:all 3.0pl1-197
2026-08-23 05:42:12 status unpacked cron-daemon-common:all 3.0pl1-197
2026-08-23 05:42:12 configure adduser:all 3.152 3.152
2026-08-23 05:42:12 status half-configured adduser:all 3.152
2026-08-23 05:42:12 status installed adduser:all 3.152
2026-08-23 05:42:12 configure cron-daemon-common:all 3.0pl1-197 3.0pl1-197
2026-08-23 05:42:12 status half-configured cron-daemon-common:all 3.0pl1-197
2026-08-23 05:42:12 status installed cron-daemon-common:all 3.0pl1-197
2026-08-23 05:42:12 startup archives install
2026-08-23 05:42:12 install libcom-err2:amd64 <none> 1.47.2-3+b11
2026-08-23 05:42:12 status triggers-pending libc-bin:amd64 2.41-12+deb13u3
2026-08-23 05:42:12 status half-installed libcom-err2:amd64 1.47.2-3+b11
2026-08-23 05:42:12 status unpacked libcom-err2:amd64 1.47.2-3+b11
2026-08-23 05:42:12 configure libcom-err2:amd64 1.47.2-3+b11 1.47.2-3+b11
2026-08-23 05:42:12 status half-configured libcom-err2:amd64 1.47.2-3+b11
2026-08-23 05:42:12 status installed libcom-err2:amd64 1.47.2-3+b11
2026-08-23 05:42:12 trigproc libc-bin:amd64 2.41-12+deb13u3 <none>
2026-08-23 05:42:12 status half-configured libc-bin:amd64 2.41-12+deb13u3
2026-08-23 05:42:12 status installed libc-bin:amd64 2.41-12+deb13u3
2026-08-23 05:42:12 startup archives install
2026-08-23 05:42:12 install libext2fs2t64:amd64 <none> 1.47.2-3+b11
2026-08-23 05:42:12 status triggers-pending libc-bin:amd64 2.41-12+deb13u3
2026-08-23 05:42:12 status half-installed libext2fs2t64:amd64 1.47.2-3+b11
2026-08-23 05:42:12 status unpacked libext2fs2t64:amd64 1.47.2-3+b11
2026-08-23 05:42:12 configure libext2fs2t64:amd64 1.47.2-3+b11 1.47.2-3+b11
2026-08-23 05:42:12 status half-configured libext2fs2t64:amd64 1.47.2-3+b11
2026-08-23 05:42:12 status installed libext2fs2t64:amd64 1.47.2-3+b11
2026-08-23 05:42:12 trigproc libc-bin:amd64 2.41-12+deb13u3 <none>
2026-08-23 05:42:12 status half-configured libc-bin:amd64 2.41-12+deb13u3
2026-08-23 05:42:12 status installed libc-bin:amd64 2.41-12+deb13u3
2026-08-23 05:42:12 startup archives install
2026-08-23 05:42:12 install libss2:amd64 <none> 1.47.2-3+b11
2026-08-23 05:42:12 status triggers-pending libc-bin:amd64 2.41-12+deb13u3
2026-08-23 05:42:13 status half-installed libss2:amd64 1.47.2-3+b11
2026-08-23 05:42:13 status unpacked libss2:amd64 1.47.2-3+b11
2026-08-23 05:42:13 configure libss2:amd64 1.47.2-3+b11 1.47.2-3+b11
2026-08-23 05:42:13 status half-configured libss2:amd64 1.47.2-3+b11
2026-08-23 05:42:13 status installed libss2:amd64 1.47.2-3+b11
2026-08-23 05:42:13 trigproc libc-bin:amd64 2.41-12+deb13u3 <none>
2026-08-23 05:42:13 status half-configured libc-bin:amd64 2.41-12+deb13u3
2026-08-23 05:42:13 status installed libc-bin:amd64 2.41-12+deb13u3
2026-08-23 05:42:13 startup archives unpack
2026-08-23 05:42:13 install libidn2-0:amd64 <none> 2.3.8-2
2026-08-23 05:42:13 status triggers-pending libc-bin:amd64 2.41-12+deb13u3
2026-08-23 05:42:13 status half-installed libidn2-0:amd64 2.3.8-2
2026-08-23 05:42:13 status unpacked libidn2-0:amd64 2.3.8-2
2026-08-23 05:42:13 install liblocale-gettext-perl:amd64 <none> 1.07-7+b1
2026-08-23 05:42:13 status half-installed liblocale-gettext-perl:amd64 1.07-7+b1
2026-08-23 05:42:13 status unpacked liblocale-gettext-perl:amd64 1.07-7+b1
2026-08-23 05:42:13 install debconf-i18n:all <none> 1.5.91
2026-08-23 05:42:13 status half-installed debconf-i18n:all 1.5.91
2026-08-23 05:42:13 status unpacked debconf-i18n:all 1.5.91
2026-08-23 05:42:13 install apt-utils:amd64 <none> 3.0.3
2026-08-23 05:42:13 status half-installed apt-utils:amd64 3.0.3
2026-08-23 05:42:13 status unpacked apt-utils:amd64 3.0.3
2026-08-23 05:42:13 install cpio:amd64 <none> 2.15+dfsg-2
2026-08-23 05:42:13 status half-installed cpio:amd64 2.15+dfsg-2
2026-08-23 05:42:13 status unpacked cpio:amd64 2.15+dfsg-2
2026-08-23 05:42:13 install libkmod2:amd64 <none> 34.2-2
2026-08-23 05:42:13 status half-installed libkmod2:amd64 34.2-2
2026-08-23 05:42:13 status unpacked libkmod2:amd64 34.2-2
2026-08-23 05:42:13 install libkrb5support0:amd64 <none> 1.21.3-5+deb13u1
2026-08-23 05:42:13 status half-installed libkrb5support0:amd64 1.21.3-5+deb13u1
2026-08-23 05:42:13 status unpacked libkrb5support0:amd64 1.21.3-5+deb13u1
2026-08-23 05:42:13 install libk5crypto3:amd64 <none> 1.21.3-5+deb13u1
2026-08-23 05:42:13 status half-installed libk5crypto3:amd64 1.21.3-5+deb13u1
2026-08-23 05:42:13 status unpacked libk5crypto3:amd64 1.21.3-5+deb13u1
2026-08-23 05:42:13 install libkeyutils1:amd64 <none> 1.6.3-6
2026-08-23 05:42:13 status half-installed libkeyutils1:amd64 1.6.3-6
2026-08-23 05:42:13 status unpacked libkeyutils1:amd64 1.6.3-6
2026-08-23 05:42:13 install libkrb5-3:amd64 <none> 1.21.3-5+deb13u1
2026-08-23 05:42:13 status half-installed libkrb5-3:amd64 1.21.3-5+deb13u1
2026-08-23 05:42:13 status unpacked libkrb5-3:amd64 1.21.3-5+deb13u1
2026-08-23 05:42:13 install libgssapi-krb5-2:amd64 <none> 1.21.3-5+deb13u1
2026-08-23 05:42:13 status half-installed libgssapi-krb5-2:amd64 1.21.3-5+deb13u1
2026-08-23 05:42:13 status unpacked libgssapi-krb5-2:amd64 1.21.3-5+deb13u1
2026-08-23 05:42:13 install cron:amd64 <none> 3.0pl1-197
2026-08-23 05:42:13 status half-installed cron:amd64 3.0pl1-197
2026-08-23 05:42:13 status unpacked cron:amd64 3.0pl1-197
2026-08-23 05:42:13 install dhcpcd-base:amd64 <none> 1:10.1.0-11+deb13u3
2026-08-23 05:42:13 status half-installed dhcpcd-base:amd64 1:10.1.0-11+deb13u3
2026-08-23 05:42:13 status unpacked dhcpcd-base:amd64 1:10.1.0-11+deb13u3
2026-08-23 05:42:13 install dmidecode:amd64 <none> 3.6-2
2026-08-23 05:42:13 status half-installed dmidecode:amd64 3.6-2
2026-08-23 05:42:13 status unpacked dmidecode:amd64 3.6-2
2026-08-23 05:42:13 install e2fsprogs:amd64 <none> 1.47.2-3+b11
2026-08-23 05:42:13 status half-installed e2fsprogs:amd64 1.47.2-3+b11
2026-08-23 05:42:13 status unpacked e2fsprogs:amd64 1.47.2-3+b11
2026-08-23 05:42:13 install libfdisk1:amd64 <none> 2.41-5
2026-08-23 05:42:13 status half-installed libfdisk1:amd64 2.41-5
2026-08-23 05:42:13 status unpacked libfdisk1:amd64 2.41-5
2026-08-23 05:42:13 install libncursesw6:amd64 <none> 6.5+20250216-2
2026-08-23 05:42:13 status half-installed libncursesw6:amd64 6.5+20250216-2
2026-08-23 05:42:13 status unpacked libncursesw6:amd64 6.5+20250216-2
2026-08-23 05:42:13 install libreadline8t64:amd64 <none> 8.2-6
2026-08-23 05:42:13 status half-installed libreadline8t64:amd64 8.2-6
2026-08-23 05:42:13 status unpacked libreadline8t64:amd64 8.2-6
2026-08-23 05:42:13 install fdisk:amd64 <none> 2.41-5
2026-08-23 05:42:13 status half-installed fdisk:amd64 2.41-5
2026-08-23 05:42:13 status unpacked fdisk:amd64 2.41-5
2026-08-23 05:42:14 install libelf1t64:amd64 <none> 0.192-4
2026-08-23 05:42:14 status half-installed libelf1t64:amd64 0.192-4
2026-08-23 05:42:14 status unpacked libelf1t64:amd64 0.192-4
2026-08-23 05:42:14 install libbpf1:amd64 <none> 1:1.5.0-3
2026-08-23 05:42:14 status half-installed libbpf1:amd64 1:1.5.0-3
2026-08-23 05:42:14 status unpacked libbpf1:amd64 1:1.5.0-3
2026-08-23 05:42:14 install libmnl0:amd64 <none> 1.0.5-3
2026-08-23 05:42:14 status half-installed libmnl0:amd64 1.0.5-3
2026-08-23 05:42:14 status unpacked libmnl0:amd64 1.0.5-3
2026-08-23 05:42:14 install libcap2-bin:amd64 <none> 1:2.75-10+deb13u1+b1
2026-08-23 05:42:14 status half-installed libcap2-bin:amd64 1:2.75-10+deb13u1+b1
2026-08-23 05:42:14 status unpacked libcap2-bin:amd64 1:2.75-10+deb13u1+b1
2026-08-23 05:42:14 install iproute2:amd64 <none> 6.15.0-1
2026-08-23 05:42:14 status half-installed iproute2:amd64 6.15.0-1
2026-08-23 05:42:14 status unpacked iproute2:amd64 6.15.0-1
2026-08-23 05:42:14 install ifupdown:amd64 <none> 0.8.44+deb13u1
2026-08-23 05:42:14 status half-installed ifupdown:amd64 0.8.44+deb13u1
2026-08-23 05:42:14 status unpacked ifupdown:amd64 0.8.44+deb13u1
2026-08-23 05:42:14 install init:amd64 <none> 1.69~deb13u1
2026-08-23 05:42:14 status half-installed init:amd64 1.69~deb13u1
2026-08-23 05:42:14 status unpacked init:amd64 1.69~deb13u1
2026-08-23 05:42:14 install iputils-ping:amd64 <none> 3:20240905-3
2026-08-23 05:42:14 status half-installed iputils-ping:amd64 3:20240905-3
2026-08-23 05:42:14 status unpacked iputils-ping:amd64 3:20240905-3
2026-08-23 05:42:14 install kmod:amd64 <none> 34.2-2
2026-08-23 05:42:14 status half-installed kmod:amd64 34.2-2
2026-08-23 05:42:14 status unpacked kmod:amd64 34.2-2
2026-08-23 05:42:14 install less:amd64 <none> 668-1
2026-08-23 05:42:14 status half-installed less:amd64 668-1
2026-08-23 05:42:14 status unpacked less:amd64 668-1
2026-08-23 05:42:14 install libedit2:amd64 <none> 3.1-20250104-1
2026-08-23 05:42:14 status half-installed libedit2:amd64 3.1-20250104-1
2026-08-23 05:42:14 status unpacked libedit2:amd64 3.1-20250104-1
2026-08-23 05:42:14 install libjansson4:amd64 <none> 2.14-2+b3
2026-08-23 05:42:14 status half-installed libjansson4:amd64 2.14-2+b3
2026-08-23 05:42:14 status unpacked libjansson4:amd64 2.14-2+b3
2026-08-23 05:42:14 install libslang2:amd64 <none> 2.3.3-5+b2
2026-08-23 05:42:14 status half-installed libslang2:amd64 2.3.3-5+b2
2026-08-23 05:42:14 status unpacked libslang2:amd64 2.3.3-5+b2
2026-08-23 05:42:14 install libnewt0.52:amd64 <none> 0.52.25-1
2026-08-23 05:42:14 status half-installed libnewt0.52:amd64 0.52.25-1
2026-08-23 05:42:14 status unpacked libnewt0.52:amd64 0.52.25-1
2026-08-23 05:42:14 install libnftnl11:amd64 <none> 1.2.9-1
2026-08-23 05:42:14 status half-installed libnftnl11:amd64 1.2.9-1
2026-08-23 05:42:14 status unpacked libnftnl11:amd64 1.2.9-1
2026-08-23 05:42:14 install libnftables1:amd64 <none> 1.1.3-1
2026-08-23 05:42:14 status half-installed libnftables1:amd64 1.1.3-1
2026-08-23 05:42:14 status unpacked libnftables1:amd64 1.1.3-1
2026-08-23 05:42:14 install libpopt0:amd64 <none> 1.19+dfsg-2
2026-08-23 05:42:14 status half-installed libpopt0:amd64 1.19+dfsg-2
2026-08-23 05:42:14 status unpacked libpopt0:amd64 1.19+dfsg-2
2026-08-23 05:42:14 install libproc2-0:amd64 <none> 2:4.0.4-9
2026-08-23 05:42:14 status half-installed libproc2-0:amd64 2:4.0.4-9
2026-08-23 05:42:14 status unpacked libproc2-0:amd64 2:4.0.4-9
2026-08-23 05:42:14 install libunistring5:amd64 <none> 1.3-2
2026-08-23 05:42:14 status half-installed libunistring5:amd64 1.3-2
2026-08-23 05:42:14 status unpacked libunistring5:amd64 1.3-2
2026-08-23 05:42:14 install libtext-charwidth-perl:amd64 <none> 0.04-11+b4
2026-08-23 05:42:14 status half-installed libtext-charwidth-perl:amd64 0.04-11+b4
2026-08-23 05:42:14 status unpacked libtext-charwidth-perl:amd64 0.04-11+b4
2026-08-23 05:42:14 install libtext-iconv-perl:amd64 <none> 1.7-8+b4
2026-08-23 05:42:14 status half-installed libtext-iconv-perl:amd64 1.7-8+b4
2026-08-23 05:42:14 status unpacked libtext-iconv-perl:amd64 1.7-8+b4
2026-08-23 05:42:14 install libtext-wrapi18n-perl:all <none> 0.06-10
2026-08-23 05:42:14 status half-installed libtext-wrapi18n-perl:all 0.06-10
2026-08-23 05:42:14 status unpacked libtext-wrapi18n-perl:all 0.06-10
2026-08-23 05:42:14 install sensible-utils:all <none> 0.0.25
2026-08-23 05:42:14 status half-installed sensible-utils:all 0.0.25
2026-08-23 05:42:14 status unpacked sensible-utils:all 0.0.25
2026-08-23 05:42:15 install linux-sysctl-defaults:all <none> 4.12.1
2026-08-23 05:42:15 status half-installed linux-sysctl-defaults:all 4.12.1
2026-08-23 05:42:15 status triggers-pending systemd:amd64 257.13-1~deb13u1
2026-08-23 05:42:15 status unpacked linux-sysctl-defaults:all 4.12.1
2026-08-23 05:42:15 install netbase:all <none> 6.5
2026-08-23 05:42:15 status half-installed netbase:all 6.5
2026-08-23 05:42:15 status unpacked netbase:all 6.5
2026-08-23 05:42:15 install libtirpc-common:all <none> 1.3.6+ds-1
2026-08-23 05:42:15 status half-installed libtirpc-common:all 1.3.6+ds-1
2026-08-23 05:42:15 status unpacked libtirpc-common:all 1.3.6+ds-1
2026-08-23 05:42:15 install libtirpc3t64:amd64 <none> 1.3.6+ds-1
2026-08-23 05:42:15 status half-installed libtirpc3t64:amd64 1.3.6+ds-1
2026-08-23 05:42:15 status unpacked libtirpc3t64:amd64 1.3.6+ds-1
2026-08-23 05:42:15 install logsave:amd64 <none> 1.47.2-3+b11
2026-08-23 05:42:15 status half-installed logsave:amd64 1.47.2-3+b11
2026-08-23 05:42:15 status unpacked logsave:amd64 1.47.2-3+b11
2026-08-23 05:42:15 install readline-common:all <none> 8.2-6
2026-08-23 05:42:15 status half-installed readline-common:all 8.2-6
2026-08-23 05:42:15 status unpacked readline-common:all 8.2-6
2026-08-23 05:42:15 install libxtables12:amd64 <none> 1.8.11-2
2026-08-23 05:42:15 status half-installed libxtables12:amd64 1.8.11-2
2026-08-23 05:42:15 status unpacked libxtables12:amd64 1.8.11-2
2026-08-23 05:42:15 install logrotate:amd64 <none> 3.22.0-1
2026-08-23 05:42:15 status half-installed logrotate:amd64 3.22.0-1
2026-08-23 05:42:15 status unpacked logrotate:amd64 3.22.0-1
2026-08-23 05:42:15 install nano:amd64 <none> 8.4-1+deb13u1
2026-08-23 05:42:15 status half-installed nano:amd64 8.4-1+deb13u1
2026-08-23 05:42:15 status unpacked nano:amd64 8.4-1+deb13u1
2026-08-23 05:42:15 install nftables:amd64 <none> 1.1.3-1
2026-08-23 05:42:15 status half-installed nftables:amd64 1.1.3-1
2026-08-23 05:42:15 status unpacked nftables:amd64 1.1.3-1
2026-08-23 05:42:15 install procps:amd64 <none> 2:4.0.4-9
2026-08-23 05:42:15 status half-installed procps:amd64 2:4.0.4-9
2026-08-23 05:42:15 status unpacked procps:amd64 2:4.0.4-9
2026-08-23 05:42:15 install udev:amd64 <none> 257.13-1~deb13u1
2026-08-23 05:42:15 status half-installed udev:amd64 257.13-1~deb13u1
2026-08-23 05:42:15 status unpacked udev:amd64 257.13-1~deb13u1
2026-08-23 05:42:15 install vim-common:all <none> 2:9.1.1230-2
2026-08-23 05:42:15 status half-installed vim-common:all 2:9.1.1230-2
2026-08-23 05:42:15 status unpacked vim-common:all 2:9.1.1230-2
2026-08-23 05:42:15 install vim-tiny:amd64 <none> 2:9.1.1230-2
2026-08-23 05:42:15 status half-installed vim-tiny:amd64 2:9.1.1230-2
2026-08-23 05:42:15 status unpacked vim-tiny:amd64 2:9.1.1230-2
2026-08-23 05:42:15 install whiptail:amd64 <none> 0.52.25-1
2026-08-23 05:42:15 status half-installed whiptail:amd64 0.52.25-1
2026-08-23 05:42:15 status unpacked whiptail:amd64 0.52.25-1
2026-08-23 05:42:15 trigproc libc-bin:amd64 2.41-12+deb13u3 <none>
2026-08-23 05:42:15 status half-configured libc-bin:amd64 2.41-12+deb13u3
2026-08-23 05:42:15 status installed libc-bin:amd64 2.41-12+deb13u3
2026-08-23 05:42:15 trigproc systemd:amd64 257.13-1~deb13u1 <none>
2026-08-23 05:42:15 status half-configured systemd:amd64 257.13-1~deb13u1
2026-08-23 05:42:15 status installed systemd:amd64 257.13-1~deb13u1
2026-08-23 05:42:15 startup packages configure
2026-08-23 05:42:15 configure cpio:amd64 2.15+dfsg-2 <none>
2026-08-23 05:42:15 status unpacked cpio:amd64 2.15+dfsg-2
2026-08-23 05:42:15 status half-configured cpio:amd64 2.15+dfsg-2
2026-08-23 05:42:15 status installed cpio:amd64 2.15+dfsg-2
2026-08-23 05:42:15 configure libtext-iconv-perl:amd64 1.7-8+b4 <none>
2026-08-23 05:42:15 status unpacked libtext-iconv-perl:amd64 1.7-8+b4
2026-08-23 05:42:15 status half-configured libtext-iconv-perl:amd64 1.7-8+b4
2026-08-23 05:42:15 status installed libtext-iconv-perl:amd64 1.7-8+b4
2026-08-23 05:42:15 configure libtext-charwidth-perl:amd64 0.04-11+b4 <none>
2026-08-23 05:42:15 status unpacked libtext-charwidth-perl:amd64 0.04-11+b4
2026-08-23 05:42:15 status half-configured libtext-charwidth-perl:amd64 0.04-11+b4
2026-08-23 05:42:15 status installed libtext-charwidth-perl:amd64 0.04-11+b4
2026-08-23 05:42:15 configure libkeyutils1:amd64 1.6.3-6 <none>
2026-08-23 05:42:15 status triggers-pending libc-bin:amd64 2.41-12+deb13u3
2026-08-23 05:42:15 status unpacked libkeyutils1:amd64 1.6.3-6
2026-08-23 05:42:15 status half-configured libkeyutils1:amd64 1.6.3-6
2026-08-23 05:42:15 status installed libkeyutils1:amd64 1.6.3-6
2026-08-23 05:42:15 configure apt-utils:amd64 3.0.3 <none>
2026-08-23 05:42:15 status unpacked apt-utils:amd64 3.0.3
2026-08-23 05:42:15 status half-configured apt-utils:amd64 3.0.3
2026-08-23 05:42:15 status installed apt-utils:amd64 3.0.3
2026-08-23 05:42:15 configure init:amd64 1.69~deb13u1 <none>
2026-08-23 05:42:15 status unpacked init:amd64 1.69~deb13u1
2026-08-23 05:42:15 status half-configured init:amd64 1.69~deb13u1
2026-08-23 05:42:15 status installed init:amd64 1.69~deb13u1
2026-08-23 05:42:15 configure libtirpc-common:all 1.3.6+ds-1 <none>
2026-08-23 05:42:15 status unpacked libtirpc-common:all 1.3.6+ds-1
2026-08-23 05:42:15 status half-configured libtirpc-common:all 1.3.6+ds-1
2026-08-23 05:42:15 status installed libtirpc-common:all 1.3.6+ds-1
2026-08-23 05:42:15 configure libedit2:amd64 3.1-20250104-1 <none>
2026-08-23 05:42:15 status unpacked libedit2:amd64 3.1-20250104-1
2026-08-23 05:42:15 status half-configured libedit2:amd64 3.1-20250104-1
2026-08-23 05:42:15 status installed libedit2:amd64 3.1-20250104-1
2026-08-23 05:42:15 configure less:amd64 668-1 <none>
2026-08-23 05:42:15 status unpacked less:amd64 668-1
2026-08-23 05:42:15 status half-configured less:amd64 668-1
2026-08-23 05:42:15 status installed less:amd64 668-1
2026-08-23 05:42:15 configure libtext-wrapi18n-perl:all 0.06-10 <none>
2026-08-23 05:42:15 status unpacked libtext-wrapi18n-perl:all 0.06-10
2026-08-23 05:42:15 status half-configured libtext-wrapi18n-perl:all 0.06-10
2026-08-23 05:42:15 status installed libtext-wrapi18n-perl:all 0.06-10
2026-08-23 05:42:15 configure libelf1t64:amd64 0.192-4 <none>
2026-08-23 05:42:15 status unpacked libelf1t64:amd64 0.192-4
2026-08-23 05:42:15 status half-configured libelf1t64:amd64 0.192-4
2026-08-23 05:42:15 status installed libelf1t64:amd64 0.192-4
2026-08-23 05:42:15 configure libjansson4:amd64 2.14-2+b3 <none>
2026-08-23 05:42:15 status unpacked libjansson4:amd64 2.14-2+b3
2026-08-23 05:42:15 status half-configured libjansson4:amd64 2.14-2+b3
2026-08-23 05:42:15 status installed libjansson4:amd64 2.14-2+b3
2026-08-23 05:42:15 configure libkrb5support0:amd64 1.21.3-5+deb13u1 <none>
2026-08-23 05:42:15 status unpacked libkrb5support0:amd64 1.21.3-5+deb13u1
2026-08-23 05:42:15 status half-configured libkrb5support0:amd64 1.21.3-5+deb13u1
2026-08-23 05:42:15 status installed libkrb5support0:amd64 1.21.3-5+deb13u1
2026-08-23 05:42:15 configure libcap2-bin:amd64 1:2.75-10+deb13u1+b1 <none>
2026-08-23 05:42:15 status unpacked libcap2-bin:amd64 1:2.75-10+deb13u1+b1
2026-08-23 05:42:15 status half-configured libcap2-bin:amd64 1:2.75-10+deb13u1+b1
2026-08-23 05:42:15 status installed libcap2-bin:amd64 1:2.75-10+deb13u1+b1
2026-08-23 05:42:15 configure linux-sysctl-defaults:all 4.12.1 <none>
2026-08-23 05:42:15 status unpacked linux-sysctl-defaults:all 4.12.1
2026-08-23 05:42:15 status half-configured linux-sysctl-defaults:all 4.12.1
2026-08-23 05:42:15 status installed linux-sysctl-defaults:all 4.12.1
2026-08-23 05:42:15 configure vim-common:all 2:9.1.1230-2 <none>
2026-08-23 05:42:15 status unpacked vim-common:all 2:9.1.1230-2
2026-08-23 05:42:15 status half-configured vim-common:all 2:9.1.1230-2
2026-08-23 05:42:15 status installed vim-common:all 2:9.1.1230-2
2026-08-23 05:42:15 configure libslang2:amd64 2.3.3-5+b2 <none>
2026-08-23 05:42:15 status unpacked libslang2:amd64 2.3.3-5+b2
2026-08-23 05:42:15 status half-configured libslang2:amd64 2.3.3-5+b2
2026-08-23 05:42:15 status installed libslang2:amd64 2.3.3-5+b2
2026-08-23 05:42:15 configure libproc2-0:amd64 2:4.0.4-9 <none>
2026-08-23 05:42:15 status unpacked libproc2-0:amd64 2:4.0.4-9
2026-08-23 05:42:15 status half-configured libproc2-0:amd64 2:4.0.4-9
2026-08-23 05:42:15 status installed libproc2-0:amd64 2:4.0.4-9
2026-08-23 05:42:15 configure libunistring5:amd64 1.3-2 <none>
2026-08-23 05:42:15 status unpacked libunistring5:amd64 1.3-2
2026-08-23 05:42:15 status half-configured libunistring5:amd64 1.3-2
2026-08-23 05:42:16 status installed libunistring5:amd64 1.3-2
2026-08-23 05:42:16 configure libmnl0:amd64 1.0.5-3 <none>
2026-08-23 05:42:16 status unpacked libmnl0:amd64 1.0.5-3
2026-08-23 05:42:16 status half-configured libmnl0:amd64 1.0.5-3
2026-08-23 05:42:16 status installed libmnl0:amd64 1.0.5-3
2026-08-23 05:42:16 configure dhcpcd-base:amd64 1:10.1.0-11+deb13u3 <none>
2026-08-23 05:42:16 status unpacked dhcpcd-base:amd64 1:10.1.0-11+deb13u3
2026-08-23 05:42:16 status half-configured dhcpcd-base:amd64 1:10.1.0-11+deb13u3
2026-08-23 05:42:16 status installed dhcpcd-base:amd64 1:10.1.0-11+deb13u3
2026-08-23 05:42:16 configure libncursesw6:amd64 6.5+20250216-2 <none>
2026-08-23 05:42:16 status unpacked libncursesw6:amd64 6.5+20250216-2
2026-08-23 05:42:16 status half-configured libncursesw6:amd64 6.5+20250216-2
2026-08-23 05:42:16 status installed libncursesw6:amd64 6.5+20250216-2
2026-08-23 05:42:16 configure libk5crypto3:amd64 1.21.3-5+deb13u1 <none>
2026-08-23 05:42:16 status unpacked libk5crypto3:amd64 1.21.3-5+deb13u1
2026-08-23 05:42:16 status half-configured libk5crypto3:amd64 1.21.3-5+deb13u1
2026-08-23 05:42:16 status installed libk5crypto3:amd64 1.21.3-5+deb13u1
2026-08-23 05:42:16 configure libxtables12:amd64 1.8.11-2 <none>
2026-08-23 05:42:16 status unpacked libxtables12:amd64 1.8.11-2
2026-08-23 05:42:16 status half-configured libxtables12:amd64 1.8.11-2
2026-08-23 05:42:16 status installed libxtables12:amd64 1.8.11-2
2026-08-23 05:42:16 configure logsave:amd64 1.47.2-3+b11 <none>
2026-08-23 05:42:16 status unpacked logsave:amd64 1.47.2-3+b11
2026-08-23 05:42:16 status half-configured logsave:amd64 1.47.2-3+b11
2026-08-23 05:42:16 status installed logsave:amd64 1.47.2-3+b11
2026-08-23 05:42:16 configure libfdisk1:amd64 2.41-5 <none>
2026-08-23 05:42:16 status unpacked libfdisk1:amd64 2.41-5
2026-08-23 05:42:16 status half-configured libfdisk1:amd64 2.41-5
2026-08-23 05:42:16 status installed libfdisk1:amd64 2.41-5
2026-08-23 05:42:16 configure nano:amd64 8.4-1+deb13u1 <none>
2026-08-23 05:42:16 status unpacked nano:amd64 8.4-1+deb13u1
2026-08-23 05:42:16 status half-configured nano:amd64 8.4-1+deb13u1
2026-08-23 05:42:16 status installed nano:amd64 8.4-1+deb13u1
2026-08-23 05:42:16 configure sensible-utils:all 0.0.25 <none>
2026-08-23 05:42:16 status unpacked sensible-utils:all 0.0.25
2026-08-23 05:42:16 status half-configured sensible-utils:all 0.0.25
2026-08-23 05:42:16 status installed sensible-utils:all 0.0.25
2026-08-23 05:42:16 configure procps:amd64 2:4.0.4-9 <none>
2026-08-23 05:42:16 status unpacked procps:amd64 2:4.0.4-9
2026-08-23 05:42:16 status half-configured procps:amd64 2:4.0.4-9
2026-08-23 05:42:16 status installed procps:amd64 2:4.0.4-9
2026-08-23 05:42:16 configure netbase:all 6.5 <none>
2026-08-23 05:42:16 status unpacked netbase:all 6.5
2026-08-23 05:42:16 status half-configured netbase:all 6.5
2026-08-23 05:42:16 status installed netbase:all 6.5
2026-08-23 05:42:16 configure libkrb5-3:amd64 1.21.3-5+deb13u1 <none>
2026-08-23 05:42:16 status unpacked libkrb5-3:amd64 1.21.3-5+deb13u1
2026-08-23 05:42:16 status half-configured libkrb5-3:amd64 1.21.3-5+deb13u1
2026-08-23 05:42:16 status installed libkrb5-3:amd64 1.21.3-5+deb13u1
2026-08-23 05:42:16 configure dmidecode:amd64 3.6-2 <none>
2026-08-23 05:42:16 status unpacked dmidecode:amd64 3.6-2
2026-08-23 05:42:16 status half-configured dmidecode:amd64 3.6-2
2026-08-23 05:42:16 status installed dmidecode:amd64 3.6-2
2026-08-23 05:42:16 configure readline-common:all 8.2-6 <none>
2026-08-23 05:42:16 status unpacked readline-common:all 8.2-6
2026-08-23 05:42:16 status half-configured readline-common:all 8.2-6
2026-08-23 05:42:16 status installed readline-common:all 8.2-6
2026-08-23 05:42:16 configure liblocale-gettext-perl:amd64 1.07-7+b1 <none>
2026-08-23 05:42:16 status unpacked liblocale-gettext-perl:amd64 1.07-7+b1
2026-08-23 05:42:16 status half-configured liblocale-gettext-perl:amd64 1.07-7+b1
2026-08-23 05:42:16 status installed liblocale-gettext-perl:amd64 1.07-7+b1
2026-08-23 05:42:16 configure libbpf1:amd64 1:1.5.0-3 <none>
2026-08-23 05:42:16 status unpacked libbpf1:amd64 1:1.5.0-3
2026-08-23 05:42:16 status half-configured libbpf1:amd64 1:1.5.0-3
2026-08-23 05:42:16 status installed libbpf1:amd64 1:1.5.0-3
2026-08-23 05:42:16 configure libkmod2:amd64 34.2-2 <none>
2026-08-23 05:42:16 status unpacked libkmod2:amd64 34.2-2
2026-08-23 05:42:16 status half-configured libkmod2:amd64 34.2-2
2026-08-23 05:42:16 status installed libkmod2:amd64 34.2-2
2026-08-23 05:42:16 configure libpopt0:amd64 1.19+dfsg-2 <none>
2026-08-23 05:42:16 status unpacked libpopt0:amd64 1.19+dfsg-2
2026-08-23 05:42:16 status half-configured libpopt0:amd64 1.19+dfsg-2
2026-08-23 05:42:16 status installed libpopt0:amd64 1.19+dfsg-2
2026-08-23 05:42:16 configure logrotate:amd64 3.22.0-1 <none>
2026-08-23 05:42:16 status unpacked logrotate:amd64 3.22.0-1
2026-08-23 05:42:16 status half-configured logrotate:amd64 3.22.0-1
2026-08-23 05:42:16 status installed logrotate:amd64 3.22.0-1
2026-08-23 05:42:16 configure libnewt0.52:amd64 0.52.25-1 <none>
2026-08-23 05:42:16 status unpacked libnewt0.52:amd64 0.52.25-1
2026-08-23 05:42:16 status half-configured libnewt0.52:amd64 0.52.25-1
2026-08-23 05:42:16 status installed libnewt0.52:amd64 0.52.25-1
2026-08-23 05:42:16 configure cron:amd64 3.0pl1-197 <none>
2026-08-23 05:42:16 status unpacked cron:amd64 3.0pl1-197
2026-08-23 05:42:16 status half-configured cron:amd64 3.0pl1-197
2026-08-23 05:42:16 status installed cron:amd64 3.0pl1-197
2026-08-23 05:42:16 configure debconf-i18n:all 1.5.91 <none>
2026-08-23 05:42:16 status unpacked debconf-i18n:all 1.5.91
2026-08-23 05:42:16 status half-configured debconf-i18n:all 1.5.91
2026-08-23 05:42:16 status installed debconf-i18n:all 1.5.91
2026-08-23 05:42:16 configure libnftnl11:amd64 1.2.9-1 <none>
2026-08-23 05:42:16 status unpacked libnftnl11:amd64 1.2.9-1
2026-08-23 05:42:16 status half-configured libnftnl11:amd64 1.2.9-1
2026-08-23 05:42:16 status installed libnftnl11:amd64 1.2.9-1
2026-08-23 05:42:16 configure e2fsprogs:amd64 1.47.2-3+b11 <none>
2026-08-23 05:42:16 status unpacked e2fsprogs:amd64 1.47.2-3+b11
2026-08-23 05:42:16 status half-configured e2fsprogs:amd64 1.47.2-3+b11
2026-08-23 05:42:16 status installed e2fsprogs:amd64 1.47.2-3+b11
2026-08-23 05:42:16 configure libidn2-0:amd64 2.3.8-2 <none>
2026-08-23 05:42:16 status unpacked libidn2-0:amd64 2.3.8-2
2026-08-23 05:42:16 status half-configured libidn2-0:amd64 2.3.8-2
2026-08-23 05:42:16 status installed libidn2-0:amd64 2.3.8-2
2026-08-23 05:42:16 configure vim-tiny:amd64 2:9.1.1230-2 <none>
2026-08-23 05:42:16 status unpacked vim-tiny:amd64 2:9.1.1230-2
2026-08-23 05:42:16 status half-configured vim-tiny:amd64 2:9.1.1230-2
2026-08-23 05:42:16 status installed vim-tiny:amd64 2:9.1.1230-2
2026-08-23 05:42:16 configure kmod:amd64 34.2-2 <none>
2026-08-23 05:42:16 status unpacked kmod:amd64 34.2-2
2026-08-23 05:42:16 status half-configured kmod:amd64 34.2-2
2026-08-23 05:42:16 status installed kmod:amd64 34.2-2
2026-08-23 05:42:16 configure libgssapi-krb5-2:amd64 1.21.3-5+deb13u1 <none>
2026-08-23 05:42:16 status unpacked libgssapi-krb5-2:amd64 1.21.3-5+deb13u1
2026-08-23 05:42:16 status half-configured libgssapi-krb5-2:amd64 1.21.3-5+deb13u1
2026-08-23 05:42:16 status installed libgssapi-krb5-2:amd64 1.21.3-5+deb13u1
2026-08-23 05:42:16 configure udev:amd64 257.13-1~deb13u1 <none>
2026-08-23 05:42:16 status unpacked udev:amd64 257.13-1~deb13u1
2026-08-23 05:42:16 status half-configured udev:amd64 257.13-1~deb13u1
2026-08-23 05:42:17 status installed udev:amd64 257.13-1~deb13u1
2026-08-23 05:42:17 configure libreadline8t64:amd64 8.2-6 <none>
2026-08-23 05:42:17 status unpacked libreadline8t64:amd64 8.2-6
2026-08-23 05:42:17 status half-configured libreadline8t64:amd64 8.2-6
2026-08-23 05:42:17 status installed libreadline8t64:amd64 8.2-6
2026-08-23 05:42:17 configure whiptail:amd64 0.52.25-1 <none>
2026-08-23 05:42:17 status unpacked whiptail:amd64 0.52.25-1
2026-08-23 05:42:17 status half-configured whiptail:amd64 0.52.25-1
2026-08-23 05:42:17 status installed whiptail:amd64 0.52.25-1
2026-08-23 05:42:17 configure iputils-ping:amd64 3:20240905-3 <none>
2026-08-23 05:42:17 status unpacked iputils-ping:amd64 3:20240905-3
2026-08-23 05:42:17 status half-configured iputils-ping:amd64 3:20240905-3
2026-08-23 05:42:17 status installed iputils-ping:amd64 3:20240905-3
2026-08-23 05:42:17 configure libnftables1:amd64 1.1.3-1 <none>
2026-08-23 05:42:17 status unpacked libnftables1:amd64 1.1.3-1
2026-08-23 05:42:17 status half-configured libnftables1:amd64 1.1.3-1
2026-08-23 05:42:17 status installed libnftables1:amd64 1.1.3-1
2026-08-23 05:42:17 configure nftables:amd64 1.1.3-1 <none>
2026-08-23 05:42:17 status unpacked nftables:amd64 1.1.3-1
2026-08-23 05:42:17 status half-configured nftables:amd64 1.1.3-1
2026-08-23 05:42:17 status installed nftables:amd64 1.1.3-1
2026-08-23 05:42:17 configure libtirpc3t64:amd64 1.3.6+ds-1 <none>
2026-08-23 05:42:17 status unpacked libtirpc3t64:amd64 1.3.6+ds-1
2026-08-23 05:42:17 status half-configured libtirpc3t64:amd64 1.3.6+ds-1
2026-08-23 05:42:17 status installed libtirpc3t64:amd64 1.3.6+ds-1
2026-08-23 05:42:17 configure iproute2:amd64 6.15.0-1 <none>
2026-08-23 05:42:17 status unpacked iproute2:amd64 6.15.0-1
2026-08-23 05:42:17 status half-configured iproute2:amd64 6.15.0-1
2026-08-23 05:42:17 status installed iproute2:amd64 6.15.0-1
2026-08-23 05:42:17 configure fdisk:amd64 2.41-5 <none>
2026-08-23 05:42:17 status unpacked fdisk:amd64 2.41-5
2026-08-23 05:42:17 status half-configured fdisk:amd64 2.41-5
2026-08-23 05:42:17 status installed fdisk:amd64 2.41-5
2026-08-23 05:42:17 configure ifupdown:amd64 0.8.44+deb13u1 <none>
2026-08-23 05:42:17 status unpacked ifupdown:amd64 0.8.44+deb13u1
2026-08-23 05:42:17 status half-configured ifupdown:amd64 0.8.44+deb13u1
2026-08-23 05:42:17 status installed ifupdown:amd64 0.8.44+deb13u1
2026-08-23 05:42:17 trigproc libc-bin:amd64 2.41-12+deb13u3 <none>
2026-08-23 05:42:17 status half-configured libc-bin:amd64 2.41-12+deb13u3
2026-08-23 05:42:17 status installed libc-bin:amd64 2.41-12+deb13u3
2026-08-23 05:42:18 startup archives unpack
2026-08-23 05:42:18 install libc-l10n:all <none> 2.41-12+deb13u3
2026-08-23 05:42:18 status half-installed libc-l10n:all 2.41-12+deb13u3
2026-08-23 05:42:18 status unpacked libc-l10n:all 2.41-12+deb13u3
2026-08-23 05:42:18 install locales:all <none> 2.41-12+deb13u3
2026-08-23 05:42:18 status half-installed locales:all 2.41-12+deb13u3
2026-08-23 05:42:18 status unpacked locales:all 2.41-12+deb13u3
2026-08-23 05:42:18 startup packages configure
2026-08-23 05:42:18 configure libc-l10n:all 2.41-12+deb13u3 <none>
2026-08-23 05:42:18 status unpacked libc-l10n:all 2.41-12+deb13u3
2026-08-23 05:42:18 status half-configured libc-l10n:all 2.41-12+deb13u3
2026-08-23 05:42:18 status installed libc-l10n:all 2.41-12+deb13u3
2026-08-23 05:42:18 configure locales:all 2.41-12+deb13u3 <none>
2026-08-23 05:42:18 status unpacked locales:all 2.41-12+deb13u3
2026-08-23 05:42:18 status half-configured locales:all 2.41-12+deb13u3
2026-08-23 05:42:18 status installed locales:all 2.41-12+deb13u3
2026-08-23 01:42:20 startup archives unpack
2026-08-23 01:42:20 install busybox:amd64 <none> 1:1.37.0-6+b8
2026-08-23 01:42:20 status half-installed busybox:amd64 1:1.37.0-6+b8
2026-08-23 01:42:20 status unpacked busybox:amd64 1:1.37.0-6+b8
2026-08-23 01:42:20 startup packages configure
2026-08-23 01:42:20 configure busybox:amd64 1:1.37.0-6+b8 <none>
2026-08-23 01:42:20 status unpacked busybox:amd64 1:1.37.0-6+b8
2026-08-23 01:42:20 status half-configured busybox:amd64 1:1.37.0-6+b8
2026-08-23 01:42:20 status installed busybox:amd64 1:1.37.0-6+b8
2026-08-23 01:42:20 startup archives unpack
2026-08-23 01:42:20 install zstd:amd64 <none> 1.5.7+dfsg-1
2026-08-23 01:42:20 status half-installed zstd:amd64 1.5.7+dfsg-1
2026-08-23 01:42:20 status unpacked zstd:amd64 1.5.7+dfsg-1
2026-08-23 01:42:20 startup packages configure
2026-08-23 01:42:20 configure zstd:amd64 1.5.7+dfsg-1 <none>
2026-08-23 01:42:20 status unpacked zstd:amd64 1.5.7+dfsg-1
2026-08-23 01:42:20 status half-configured zstd:amd64 1.5.7+dfsg-1
2026-08-23 01:42:20 status installed zstd:amd64 1.5.7+dfsg-1
2026-08-23 01:42:20 startup archives unpack
2026-08-23 01:42:20 install dracut-install:amd64 <none> 106-6
2026-08-23 01:42:20 status half-installed dracut-install:amd64 106-6
2026-08-23 01:42:20 status unpacked dracut-install:amd64 106-6
2026-08-23 01:42:20 install initramfs-tools-bin:amd64 <none> 0.148.4
2026-08-23 01:42:20 status half-installed initramfs-tools-bin:amd64 0.148.4
2026-08-23 01:42:20 status unpacked initramfs-tools-bin:amd64 0.148.4
2026-08-23 01:42:20 install libklibc:amd64 <none> 2.0.14-1
2026-08-23 01:42:20 status half-installed libklibc:amd64 2.0.14-1
2026-08-23 01:42:20 status unpacked libklibc:amd64 2.0.14-1
2026-08-23 01:42:20 install klibc-utils:amd64 <none> 2.0.14-1
2026-08-23 01:42:20 status half-installed klibc-utils:amd64 2.0.14-1
2026-08-23 01:42:20 status unpacked klibc-utils:amd64 2.0.14-1
2026-08-23 01:42:20 install initramfs-tools-core:all <none> 0.148.4
2026-08-23 01:42:20 status half-installed initramfs-tools-core:all 0.148.4
2026-08-23 01:42:20 status unpacked initramfs-tools-core:all 0.148.4
2026-08-23 01:42:20 install linux-base:all <none> 4.12.1
2026-08-23 01:42:20 status half-installed linux-base:all 4.12.1
2026-08-23 01:42:20 status unpacked linux-base:all 4.12.1
2026-08-23 01:42:20 install initramfs-tools:all <none> 0.148.4
2026-08-23 01:42:20 status half-installed initramfs-tools:all 0.148.4
2026-08-23 01:42:20 status unpacked initramfs-tools:all 0.148.4
2026-08-23 01:42:20 startup packages configure
2026-08-23 01:42:20 configure linux-base:all 4.12.1 <none>
2026-08-23 01:42:20 status unpacked linux-base:all 4.12.1
2026-08-23 01:42:20 status half-configured linux-base:all 4.12.1
2026-08-23 01:42:20 status installed linux-base:all 4.12.1
2026-08-23 01:42:20 configure libklibc:amd64 2.0.14-1 <none>
2026-08-23 01:42:20 status unpacked libklibc:amd64 2.0.14-1
2026-08-23 01:42:20 status half-configured libklibc:amd64 2.0.14-1
2026-08-23 01:42:20 status installed libklibc:amd64 2.0.14-1
2026-08-23 01:42:21 configure dracut-install:amd64 106-6 <none>
2026-08-23 01:42:21 status unpacked dracut-install:amd64 106-6
2026-08-23 01:42:21 status half-configured dracut-install:amd64 106-6
2026-08-23 01:42:21 status installed dracut-install:amd64 106-6
2026-08-23 01:42:21 configure klibc-utils:amd64 2.0.14-1 <none>
2026-08-23 01:42:21 status unpacked klibc-utils:amd64 2.0.14-1
2026-08-23 01:42:21 status half-configured klibc-utils:amd64 2.0.14-1
2026-08-23 01:42:21 status installed klibc-utils:amd64 2.0.14-1
2026-08-23 01:42:21 configure initramfs-tools-bin:amd64 0.148.4 <none>
2026-08-23 01:42:21 status unpacked initramfs-tools-bin:amd64 0.148.4
2026-08-23 01:42:21 status half-configured initramfs-tools-bin:amd64 0.148.4
2026-08-23 01:42:21 status installed initramfs-tools-bin:amd64 0.148.4
2026-08-23 01:42:21 configure initramfs-tools-core:all 0.148.4 <none>
2026-08-23 01:42:21 status unpacked initramfs-tools-core:all 0.148.4
2026-08-23 01:42:21 status half-configured initramfs-tools-core:all 0.148.4
2026-08-23 01:42:21 status installed initramfs-tools-core:all 0.148.4
2026-08-23 01:42:21 configure initramfs-tools:all 0.148.4 <none>
2026-08-23 01:42:21 status unpacked initramfs-tools:all 0.148.4
2026-08-23 01:42:21 status half-configured initramfs-tools:all 0.148.4
2026-08-23 01:42:21 status installed initramfs-tools:all 0.148.4
2026-08-23 01:42:21 status triggers-pending initramfs-tools:all 0.148.4
2026-08-23 01:42:21 trigproc initramfs-tools:all 0.148.4 <none>
2026-08-23 01:42:21 status half-configured initramfs-tools:all 0.148.4
2026-08-23 01:42:21 status installed initramfs-tools:all 0.148.4
2026-08-23 01:42:21 startup archives unpack
2026-08-23 01:42:21 install linux-image-6.12.94+deb13-amd64:amd64 <none> 6.12.94-1
2026-08-23 01:42:21 status half-installed linux-image-6.12.94+deb13-amd64:amd64 6.12.94-1
2026-08-23 01:42:22 status unpacked linux-image-6.12.94+deb13-amd64:amd64 6.12.94-1
2026-08-23 01:42:22 install apparmor:amd64 <none> 4.1.0-1
2026-08-23 01:42:22 status half-installed apparmor:amd64 4.1.0-1
2026-08-23 01:42:22 status unpacked apparmor:amd64 4.1.0-1
2026-08-23 01:42:22 install linux-image-amd64:amd64 <none> 6.12.94-1
2026-08-23 01:42:22 status half-installed linux-image-amd64:amd64 6.12.94-1
2026-08-23 01:42:22 status unpacked linux-image-amd64:amd64 6.12.94-1
2026-08-23 01:42:22 startup packages configure
2026-08-23 01:42:22 configure linux-image-6.12.94+deb13-amd64:amd64 6.12.94-1 <none>
2026-08-23 01:42:22 status unpacked linux-image-6.12.94+deb13-amd64:amd64 6.12.94-1
2026-08-23 01:42:22 status half-configured linux-image-6.12.94+deb13-amd64:amd64 6.12.94-1
2026-08-23 01:42:30 status installed linux-image-6.12.94+deb13-amd64:amd64 6.12.94-1
2026-08-23 01:42:30 configure apparmor:amd64 4.1.0-1 <none>
2026-08-23 01:42:30 status unpacked apparmor:amd64 4.1.0-1
2026-08-23 01:42:31 status half-configured apparmor:amd64 4.1.0-1
2026-08-23 01:42:31 status installed apparmor:amd64 4.1.0-1
2026-08-23 01:42:31 configure linux-image-amd64:amd64 6.12.94-1 <none>
2026-08-23 01:42:31 status unpacked linux-image-amd64:amd64 6.12.94-1
2026-08-23 01:42:31 status half-configured linux-image-amd64:amd64 6.12.94-1
2026-08-23 01:42:31 status installed linux-image-amd64:amd64 6.12.94-1
2026-08-23 01:42:31 startup archives unpack
2026-08-23 01:42:31 install pci.ids:all <none> 0.0~2025.06.09-1
2026-08-23 01:42:31 status half-installed pci.ids:all 0.0~2025.06.09-1
2026-08-23 01:42:31 status unpacked pci.ids:all 0.0~2025.06.09-1
2026-08-23 01:42:31 install libpci3:amd64 <none> 1:3.13.0-2
2026-08-23 01:42:31 status triggers-pending libc-bin:amd64 2.41-12+deb13u3
2026-08-23 01:42:31 status half-installed libpci3:amd64 1:3.13.0-2
2026-08-23 01:42:31 status unpacked libpci3:amd64 1:3.13.0-2
2026-08-23 01:42:31 install pciutils:amd64 <none> 1:3.13.0-2
2026-08-23 01:42:31 status half-installed pciutils:amd64 1:3.13.0-2
2026-08-23 01:42:31 status unpacked pciutils:amd64 1:3.13.0-2
2026-08-23 01:42:31 startup packages configure
2026-08-23 01:42:31 configure pci.ids:all 0.0~2025.06.09-1 <none>
2026-08-23 01:42:31 status unpacked pci.ids:all 0.0~2025.06.09-1
2026-08-23 01:42:31 status half-configured pci.ids:all 0.0~2025.06.09-1
2026-08-23 01:42:31 status installed pci.ids:all 0.0~2025.06.09-1
2026-08-23 01:42:31 configure libpci3:amd64 1:3.13.0-2 <none>
2026-08-23 01:42:31 status unpacked libpci3:amd64 1:3.13.0-2
2026-08-23 01:42:31 status half-configured libpci3:amd64 1:3.13.0-2
2026-08-23 01:42:31 status installed libpci3:amd64 1:3.13.0-2
2026-08-23 01:42:31 configure pciutils:amd64 1:3.13.0-2 <none>
2026-08-23 01:42:31 status unpacked pciutils:amd64 1:3.13.0-2
2026-08-23 01:42:31 status half-configured pciutils:amd64 1:3.13.0-2
2026-08-23 01:42:31 status installed pciutils:amd64 1:3.13.0-2
2026-08-23 01:42:31 trigproc libc-bin:amd64 2.41-12+deb13u3 <none>
2026-08-23 01:42:31 status half-configured libc-bin:amd64 2.41-12+deb13u3
2026-08-23 01:42:31 status installed libc-bin:amd64 2.41-12+deb13u3
2026-08-23 01:42:32 startup archives unpack
2026-08-23 01:42:32 install libusb-1.0-0:amd64 <none> 2:1.0.28-1
2026-08-23 01:42:32 status triggers-pending libc-bin:amd64 2.41-12+deb13u3
2026-08-23 01:42:32 status half-installed libusb-1.0-0:amd64 2:1.0.28-1
2026-08-23 01:42:32 status unpacked libusb-1.0-0:amd64 2:1.0.28-1
2026-08-23 01:42:32 install usbutils:amd64 <none> 1:018-2
2026-08-23 01:42:32 status half-installed usbutils:amd64 1:018-2
2026-08-23 01:42:32 status unpacked usbutils:amd64 1:018-2
2026-08-23 01:42:32 startup packages configure
2026-08-23 01:42:32 configure libusb-1.0-0:amd64 2:1.0.28-1 <none>
2026-08-23 01:42:32 status unpacked libusb-1.0-0:amd64 2:1.0.28-1
2026-08-23 01:42:32 status half-configured libusb-1.0-0:amd64 2:1.0.28-1
2026-08-23 01:42:32 status installed libusb-1.0-0:amd64 2:1.0.28-1
2026-08-23 01:42:32 configure usbutils:amd64 1:018-2 <none>
2026-08-23 01:42:32 status unpacked usbutils:amd64 1:018-2
2026-08-23 01:42:32 status half-configured usbutils:amd64 1:018-2
2026-08-23 01:42:32 status installed usbutils:amd64 1:018-2
2026-08-23 01:42:32 trigproc libc-bin:amd64 2.41-12+deb13u3 <none>
2026-08-23 01:42:32 status half-configured libc-bin:amd64 2.41-12+deb13u3
2026-08-23 01:42:32 status installed libc-bin:amd64 2.41-12+deb13u3
2026-08-23 01:42:32 startup archives unpack
2026-08-23 01:42:32 install eject:amd64 <none> 2.41-5
2026-08-23 01:42:32 status half-installed eject:amd64 2.41-5
2026-08-23 01:42:32 status unpacked eject:amd64 2.41-5
2026-08-23 01:42:32 startup packages configure
2026-08-23 01:42:32 configure eject:amd64 2.41-5 <none>
2026-08-23 01:42:32 status unpacked eject:amd64 2.41-5
2026-08-23 01:42:32 status half-configured eject:amd64 2.41-5
2026-08-23 01:42:32 status installed eject:amd64 2.41-5
2026-08-23 01:42:33 startup archives unpack
2026-08-23 01:42:33 install xkb-data:all <none> 2.42-1
2026-08-23 01:42:33 status half-installed xkb-data:all 2.42-1
2026-08-23 01:42:33 status unpacked xkb-data:all 2.42-1
2026-08-23 01:42:33 install keyboard-configuration:all <none> 1.242~deb13u1
2026-08-23 01:42:33 status half-installed keyboard-configuration:all 1.242~deb13u1
2026-08-23 01:42:33 status unpacked keyboard-configuration:all 1.242~deb13u1
2026-08-23 01:42:33 startup packages configure
2026-08-23 01:42:33 configure xkb-data:all 2.42-1 <none>
2026-08-23 01:42:33 status unpacked xkb-data:all 2.42-1
2026-08-23 01:42:33 status half-configured xkb-data:all 2.42-1
2026-08-23 01:42:33 status installed xkb-data:all 2.42-1
2026-08-23 01:42:33 configure keyboard-configuration:all 1.242~deb13u1 <none>
2026-08-23 01:42:33 status unpacked keyboard-configuration:all 1.242~deb13u1
2026-08-23 01:42:33 status half-configured keyboard-configuration:all 1.242~deb13u1
2026-08-23 01:42:33 status installed keyboard-configuration:all 1.242~deb13u1
2026-08-23 01:42:34 startup archives unpack
2026-08-23 01:42:34 install kbd:amd64 <none> 2.7.1-2
2026-08-23 01:42:34 status half-installed kbd:amd64 2.7.1-2
2026-08-23 01:42:34 status unpacked kbd:amd64 2.7.1-2
2026-08-23 01:42:34 install console-setup-linux:all <none> 1.242~deb13u1
2026-08-23 01:42:34 status half-installed console-setup-linux:all 1.242~deb13u1
2026-08-23 01:42:34 status unpacked console-setup-linux:all 1.242~deb13u1
2026-08-23 01:42:34 install console-setup:all <none> 1.242~deb13u1
2026-08-23 01:42:34 status half-installed console-setup:all 1.242~deb13u1
2026-08-23 01:42:34 status unpacked console-setup:all 1.242~deb13u1
2026-08-23 01:42:34 startup packages configure
2026-08-23 01:42:34 configure kbd:amd64 2.7.1-2 <none>
2026-08-23 01:42:34 status unpacked kbd:amd64 2.7.1-2
2026-08-23 01:42:34 status half-configured kbd:amd64 2.7.1-2
2026-08-23 01:42:34 status installed kbd:amd64 2.7.1-2
2026-08-23 01:42:34 configure console-setup-linux:all 1.242~deb13u1 <none>
2026-08-23 01:42:34 status unpacked console-setup-linux:all 1.242~deb13u1
2026-08-23 01:42:34 status half-configured console-setup-linux:all 1.242~deb13u1
2026-08-23 01:42:34 status installed console-setup-linux:all 1.242~deb13u1
2026-08-23 01:42:34 configure console-setup:all 1.242~deb13u1 <none>
2026-08-23 01:42:34 status unpacked console-setup:all 1.242~deb13u1
2026-08-23 01:42:34 status half-configured console-setup:all 1.242~deb13u1
2026-08-23 01:42:35 status installed console-setup:all 1.242~deb13u1
2026-08-23 01:43:33 startup archives unpack
2026-08-23 01:43:33 upgrade bsdutils:amd64 1:2.41-5 1:2.41.5-0+deb13u1
2026-08-23 01:43:33 status half-configured bsdutils:amd64 1:2.41-5
2026-08-23 01:43:33 status unpacked bsdutils:amd64 1:2.41-5
2026-08-23 01:43:33 status half-installed bsdutils:amd64 1:2.41-5
2026-08-23 01:43:33 status unpacked bsdutils:amd64 1:2.41.5-0+deb13u1
2026-08-23 01:43:33 startup packages configure
2026-08-23 01:43:33 configure bsdutils:amd64 1:2.41.5-0+deb13u1 <none>
2026-08-23 01:43:33 status unpacked bsdutils:amd64 1:2.41.5-0+deb13u1
2026-08-23 01:43:33 status half-configured bsdutils:amd64 1:2.41.5-0+deb13u1
2026-08-23 01:43:33 status installed bsdutils:amd64 1:2.41.5-0+deb13u1
2026-08-23 01:43:33 startup archives unpack
2026-08-23 01:43:33 upgrade eject:amd64 2.41-5 2.41.5-0+deb13u1
2026-08-23 01:43:33 status half-configured eject:amd64 2.41-5
2026-08-23 01:43:33 status unpacked eject:amd64 2.41-5
2026-08-23 01:43:33 status half-installed eject:amd64 2.41-5
2026-08-23 01:43:33 status unpacked eject:amd64 2.41.5-0+deb13u1
2026-08-23 01:43:33 upgrade liblastlog2-2:amd64 2.41-5 2.41.5-0+deb13u1
2026-08-23 01:43:33 status triggers-pending libc-bin:amd64 2.41-12+deb13u3
2026-08-23 01:43:33 status half-configured liblastlog2-2:amd64 2.41-5
2026-08-23 01:43:33 status unpacked liblastlog2-2:amd64 2.41-5
2026-08-23 01:43:33 status half-installed liblastlog2-2:amd64 2.41-5
2026-08-23 01:43:33 status unpacked liblastlog2-2:amd64 2.41.5-0+deb13u1
2026-08-23 01:43:33 startup packages configure
2026-08-23 01:43:33 configure liblastlog2-2:amd64 2.41.5-0+deb13u1 <none>
2026-08-23 01:43:33 status unpacked liblastlog2-2:amd64 2.41.5-0+deb13u1
2026-08-23 01:43:33 status half-configured liblastlog2-2:amd64 2.41.5-0+deb13u1
2026-08-23 01:43:33 status installed liblastlog2-2:amd64 2.41.5-0+deb13u1
2026-08-23 01:43:33 startup archives unpack
2026-08-23 01:43:33 upgrade libblkid1:amd64 2.41-5 2.41.5-0+deb13u1
2026-08-23 01:43:33 status half-configured libblkid1:amd64 2.41-5
2026-08-23 01:43:33 status unpacked libblkid1:amd64 2.41-5
2026-08-23 01:43:33 status half-installed libblkid1:amd64 2.41-5
2026-08-23 01:43:33 status unpacked libblkid1:amd64 2.41.5-0+deb13u1
2026-08-23 01:43:33 startup packages configure
2026-08-23 01:43:33 configure libblkid1:amd64 2.41.5-0+deb13u1 <none>
2026-08-23 01:43:33 status unpacked libblkid1:amd64 2.41.5-0+deb13u1
2026-08-23 01:43:33 status half-configured libblkid1:amd64 2.41.5-0+deb13u1
2026-08-23 01:43:33 status installed libblkid1:amd64 2.41.5-0+deb13u1
2026-08-23 01:43:33 startup archives unpack
2026-08-23 01:43:33 upgrade libmount1:amd64 2.41-5 2.41.5-0+deb13u1
2026-08-23 01:43:33 status half-configured libmount1:amd64 2.41-5
2026-08-23 01:43:33 status unpacked libmount1:amd64 2.41-5
2026-08-23 01:43:33 status half-installed libmount1:amd64 2.41-5
2026-08-23 01:43:33 status unpacked libmount1:amd64 2.41.5-0+deb13u1
2026-08-23 01:43:33 startup packages configure
2026-08-23 01:43:33 configure libmount1:amd64 2.41.5-0+deb13u1 <none>
2026-08-23 01:43:33 status unpacked libmount1:amd64 2.41.5-0+deb13u1
2026-08-23 01:43:33 status half-configured libmount1:amd64 2.41.5-0+deb13u1
2026-08-23 01:43:33 status installed libmount1:amd64 2.41.5-0+deb13u1
2026-08-23 01:43:33 startup archives unpack
2026-08-23 01:43:34 upgrade libsmartcols1:amd64 2.41-5 2.41.5-0+deb13u1
2026-08-23 01:43:34 status half-configured libsmartcols1:amd64 2.41-5
2026-08-23 01:43:34 status unpacked libsmartcols1:amd64 2.41-5
2026-08-23 01:43:34 status half-installed libsmartcols1:amd64 2.41-5
2026-08-23 01:43:34 status unpacked libsmartcols1:amd64 2.41.5-0+deb13u1
2026-08-23 01:43:34 startup packages configure
2026-08-23 01:43:34 configure libsmartcols1:amd64 2.41.5-0+deb13u1 <none>
2026-08-23 01:43:34 status unpacked libsmartcols1:amd64 2.41.5-0+deb13u1
2026-08-23 01:43:34 status half-configured libsmartcols1:amd64 2.41.5-0+deb13u1
2026-08-23 01:43:34 status installed libsmartcols1:amd64 2.41.5-0+deb13u1
2026-08-23 01:43:34 startup archives unpack
2026-08-23 01:43:34 upgrade libuuid1:amd64 2.41-5 2.41.5-0+deb13u1
2026-08-23 01:43:34 status half-configured libuuid1:amd64 2.41-5
2026-08-23 01:43:34 status unpacked libuuid1:amd64 2.41-5
2026-08-23 01:43:34 status half-installed libuuid1:amd64 2.41-5
2026-08-23 01:43:34 status unpacked libuuid1:amd64 2.41.5-0+deb13u1
2026-08-23 01:43:34 startup packages configure
2026-08-23 01:43:34 configure libuuid1:amd64 2.41.5-0+deb13u1 <none>
2026-08-23 01:43:34 status unpacked libuuid1:amd64 2.41.5-0+deb13u1
2026-08-23 01:43:34 status half-configured libuuid1:amd64 2.41.5-0+deb13u1
2026-08-23 01:43:34 status installed libuuid1:amd64 2.41.5-0+deb13u1
2026-08-23 01:43:34 startup archives unpack
2026-08-23 01:43:34 upgrade util-linux:amd64 2.41-5 2.41.5-0+deb13u1
2026-08-23 01:43:34 status half-configured util-linux:amd64 2.41-5
2026-08-23 01:43:34 status unpacked util-linux:amd64 2.41-5
2026-08-23 01:43:34 status half-installed util-linux:amd64 2.41-5
2026-08-23 01:43:34 status unpacked util-linux:amd64 2.41.5-0+deb13u1
2026-08-23 01:43:34 startup packages configure
2026-08-23 01:43:34 configure util-linux:amd64 2.41.5-0+deb13u1 <none>
2026-08-23 01:43:34 status unpacked util-linux:amd64 2.41.5-0+deb13u1
2026-08-23 01:43:34 status half-configured util-linux:amd64 2.41.5-0+deb13u1
2026-08-23 01:43:34 status installed util-linux:amd64 2.41.5-0+deb13u1
2026-08-23 01:43:34 startup archives unpack
2026-08-23 01:43:34 upgrade mount:amd64 2.41-5 2.41.5-0+deb13u1
2026-08-23 01:43:34 status half-configured mount:amd64 2.41-5
2026-08-23 01:43:34 status unpacked mount:amd64 2.41-5
2026-08-23 01:43:34 status half-installed mount:amd64 2.41-5
2026-08-23 01:43:34 status unpacked mount:amd64 2.41.5-0+deb13u1
2026-08-23 01:43:34 upgrade fdisk:amd64 2.41-5 2.41.5-0+deb13u1
2026-08-23 01:43:34 status half-configured fdisk:amd64 2.41-5
2026-08-23 01:43:34 status unpacked fdisk:amd64 2.41-5
2026-08-23 01:43:34 status half-installed fdisk:amd64 2.41-5
2026-08-23 01:43:34 status unpacked fdisk:amd64 2.41.5-0+deb13u1
2026-08-23 01:43:34 upgrade libfdisk1:amd64 2.41-5 2.41.5-0+deb13u1
2026-08-23 01:43:34 status half-configured libfdisk1:amd64 2.41-5
2026-08-23 01:43:34 status unpacked libfdisk1:amd64 2.41-5
2026-08-23 01:43:34 status half-installed libfdisk1:amd64 2.41-5
2026-08-23 01:43:34 status unpacked libfdisk1:amd64 2.41.5-0+deb13u1
2026-08-23 01:43:34 upgrade login:amd64 1:4.16.0-2+really2.41-5 1:4.16.0-2+really2.41.5-0+deb13u1
2026-08-23 01:43:34 status half-configured login:amd64 1:4.16.0-2+really2.41-5
2026-08-23 01:43:34 status unpacked login:amd64 1:4.16.0-2+really2.41-5
2026-08-23 01:43:34 status half-installed login:amd64 1:4.16.0-2+really2.41-5
2026-08-23 01:43:34 status unpacked login:amd64 1:4.16.0-2+really2.41.5-0+deb13u1
2026-08-23 01:43:34 install linux-image-6.12.101+deb13-amd64:amd64 <none> 6.12.101-1
2026-08-23 01:43:34 status half-installed linux-image-6.12.101+deb13-amd64:amd64 6.12.101-1
2026-08-23 01:43:35 status unpacked linux-image-6.12.101+deb13-amd64:amd64 6.12.101-1
2026-08-23 01:43:35 upgrade linux-image-amd64:amd64 6.12.94-1 6.12.101-1
2026-08-23 01:43:35 status half-configured linux-image-amd64:amd64 6.12.94-1
2026-08-23 01:43:35 status unpacked linux-image-amd64:amd64 6.12.94-1
2026-08-23 01:43:35 status half-installed linux-image-amd64:amd64 6.12.94-1
2026-08-23 01:43:35 status unpacked linux-image-amd64:amd64 6.12.101-1
2026-08-23 01:43:35 startup packages configure
2026-08-23 01:43:35 configure linux-image-6.12.101+deb13-amd64:amd64 6.12.101-1 <none>
2026-08-23 01:43:35 status unpacked linux-image-6.12.101+deb13-amd64:amd64 6.12.101-1
2026-08-23 01:43:35 status half-configured linux-image-6.12.101+deb13-amd64:amd64 6.12.101-1
2026-08-23 01:43:43 status installed linux-image-6.12.101+deb13-amd64:amd64 6.12.101-1
2026-08-23 01:43:43 configure eject:amd64 2.41.5-0+deb13u1 <none>
2026-08-23 01:43:43 status unpacked eject:amd64 2.41.5-0+deb13u1
2026-08-23 01:43:43 status half-configured eject:amd64 2.41.5-0+deb13u1
2026-08-23 01:43:43 status installed eject:amd64 2.41.5-0+deb13u1
2026-08-23 01:43:43 configure libfdisk1:amd64 2.41.5-0+deb13u1 <none>
2026-08-23 01:43:43 status unpacked libfdisk1:amd64 2.41.5-0+deb13u1
2026-08-23 01:43:43 status half-configured libfdisk1:amd64 2.41.5-0+deb13u1
2026-08-23 01:43:43 status installed libfdisk1:amd64 2.41.5-0+deb13u1
2026-08-23 01:43:43 configure mount:amd64 2.41.5-0+deb13u1 <none>
2026-08-23 01:43:43 status unpacked mount:amd64 2.41.5-0+deb13u1
2026-08-23 01:43:43 status half-configured mount:amd64 2.41.5-0+deb13u1
2026-08-23 01:43:43 status installed mount:amd64 2.41.5-0+deb13u1
2026-08-23 01:43:43 configure login:amd64 1:4.16.0-2+really2.41.5-0+deb13u1 <none>
2026-08-23 01:43:43 status unpacked login:amd64 1:4.16.0-2+really2.41.5-0+deb13u1
2026-08-23 01:43:43 status half-configured login:amd64 1:4.16.0-2+really2.41.5-0+deb13u1
2026-08-23 01:43:43 status installed login:amd64 1:4.16.0-2+really2.41.5-0+deb13u1
2026-08-23 01:43:43 configure linux-image-amd64:amd64 6.12.101-1 <none>
2026-08-23 01:43:43 status unpacked linux-image-amd64:amd64 6.12.101-1
2026-08-23 01:43:43 status half-configured linux-image-amd64:amd64 6.12.101-1
2026-08-23 01:43:43 status installed linux-image-amd64:amd64 6.12.101-1
2026-08-23 01:43:43 configure fdisk:amd64 2.41.5-0+deb13u1 <none>
2026-08-23 01:43:43 status unpacked fdisk:amd64 2.41.5-0+deb13u1
2026-08-23 01:43:43 status half-configured fdisk:amd64 2.41.5-0+deb13u1
2026-08-23 01:43:43 status installed fdisk:amd64 2.41.5-0+deb13u1
2026-08-23 01:43:43 trigproc libc-bin:amd64 2.41-12+deb13u3 <none>
2026-08-23 01:43:43 status half-configured libc-bin:amd64 2.41-12+deb13u3
2026-08-23 01:43:43 status installed libc-bin:amd64 2.41-12+deb13u3
2026-08-23 01:43:43 startup archives unpack
2026-08-23 01:43:43 install laptop-detect:all <none> 0.16+nmu1
2026-08-23 01:43:43 status half-installed laptop-detect:all 0.16+nmu1
2026-08-23 01:43:43 status unpacked laptop-detect:all 0.16+nmu1
2026-08-23 01:43:43 startup packages configure
2026-08-23 01:43:43 configure laptop-detect:all 0.16+nmu1 <none>
2026-08-23 01:43:43 status unpacked laptop-detect:all 0.16+nmu1
2026-08-23 01:43:43 status half-configured laptop-detect:all 0.16+nmu1
2026-08-23 01:43:43 status installed laptop-detect:all 0.16+nmu1
2026-08-23 01:43:44 startup archives unpack
2026-08-23 01:43:44 install installation-report:all <none> 2.97
2026-08-23 01:43:44 status half-installed installation-report:all 2.97
2026-08-23 01:43:44 status unpacked installation-report:all 2.97
2026-08-23 01:43:44 startup packages configure
2026-08-23 01:43:44 configure installation-report:all 2.97 <none>
2026-08-23 01:43:44 status unpacked installation-report:all 2.97
2026-08-23 01:43:44 status half-configured installation-report:all 2.97
2026-08-23 01:43:44 status installed installation-report:all 2.97
2026-08-23 01:43:58 startup archives unpack
2026-08-23 01:43:58 install popularity-contest:all <none> 1.78
2026-08-23 01:43:58 status half-installed popularity-contest:all 1.78
2026-08-23 01:43:58 status unpacked popularity-contest:all 1.78
2026-08-23 01:43:58 startup packages configure
2026-08-23 01:43:58 configure popularity-contest:all 1.78 <none>
2026-08-23 01:43:58 status unpacked popularity-contest:all 1.78
2026-08-23 01:43:58 status half-configured popularity-contest:all 1.78
2026-08-23 01:43:58 status installed popularity-contest:all 1.78
2026-08-23 01:43:58 startup packages purge
2026-08-23 01:43:58 status installed popularity-contest:all 1.78
2026-08-23 01:43:58 remove popularity-contest:all 1.78 <none>
2026-08-23 01:43:58 status half-configured popularity-contest:all 1.78
2026-08-23 01:43:58 status half-installed popularity-contest:all 1.78
2026-08-23 01:43:58 status config-files popularity-contest:all 1.78
2026-08-23 01:43:58 purge popularity-contest:all 1.78 <none>
2026-08-23 01:43:58 status not-installed popularity-contest:all <none>
2026-08-23 01:43:59 startup archives unpack
2026-08-23 01:43:59 install tasksel-data:all <none> 3.81
2026-08-23 01:43:59 status half-installed tasksel-data:all 3.81
2026-08-23 01:43:59 status unpacked tasksel-data:all 3.81
2026-08-23 01:43:59 install tasksel:all <none> 3.81
2026-08-23 01:43:59 status half-installed tasksel:all 3.81
2026-08-23 01:43:59 status unpacked tasksel:all 3.81
2026-08-23 01:43:59 startup packages configure
2026-08-23 01:43:59 configure tasksel:all 3.81 <none>
2026-08-23 01:43:59 status unpacked tasksel:all 3.81
2026-08-23 01:43:59 status half-configured tasksel:all 3.81
2026-08-23 01:43:59 status installed tasksel:all 3.81
2026-08-23 01:43:59 configure tasksel-data:all 3.81 <none>
2026-08-23 01:43:59 status unpacked tasksel-data:all 3.81
2026-08-23 01:43:59 status half-configured tasksel-data:all 3.81
2026-08-23 01:43:59 status installed tasksel-data:all 3.81
2026-08-23 01:44:19 startup archives unpack
2026-08-23 01:44:19 install libdbus-1-3:amd64 <none> 1.16.2-2
2026-08-23 01:44:19 status triggers-pending libc-bin:amd64 2.41-12+deb13u3
2026-08-23 01:44:19 status half-installed libdbus-1-3:amd64 1.16.2-2
2026-08-23 01:44:19 status unpacked libdbus-1-3:amd64 1.16.2-2
2026-08-23 01:44:19 install dbus-bin:amd64 <none> 1.16.2-2
2026-08-23 01:44:19 status half-installed dbus-bin:amd64 1.16.2-2
2026-08-23 01:44:19 status unpacked dbus-bin:amd64 1.16.2-2
2026-08-23 01:44:19 install dbus-session-bus-common:all <none> 1.16.2-2
2026-08-23 01:44:19 status half-installed dbus-session-bus-common:all 1.16.2-2
2026-08-23 01:44:19 status unpacked dbus-session-bus-common:all 1.16.2-2
2026-08-23 01:44:19 install libexpat1:amd64 <none> 2.8.3-1~deb13u1
2026-08-23 01:44:19 status half-installed libexpat1:amd64 2.8.3-1~deb13u1
2026-08-23 01:44:19 status unpacked libexpat1:amd64 2.8.3-1~deb13u1
2026-08-23 01:44:19 install dbus-daemon:amd64 <none> 1.16.2-2
2026-08-23 01:44:19 status half-installed dbus-daemon:amd64 1.16.2-2
2026-08-23 01:44:19 status unpacked dbus-daemon:amd64 1.16.2-2
2026-08-23 01:44:19 install dbus-system-bus-common:all <none> 1.16.2-2
2026-08-23 01:44:19 status half-installed dbus-system-bus-common:all 1.16.2-2
2026-08-23 01:44:19 status unpacked dbus-system-bus-common:all 1.16.2-2
2026-08-23 01:44:19 install dbus:amd64 <none> 1.16.2-2
2026-08-23 01:44:19 status half-installed dbus:amd64 1.16.2-2
2026-08-23 01:44:19 status unpacked dbus:amd64 1.16.2-2
2026-08-23 01:44:19 install libcbor0.10:amd64 <none> 0.10.2-2
2026-08-23 01:44:19 status half-installed libcbor0.10:amd64 0.10.2-2
2026-08-23 01:44:19 status unpacked libcbor0.10:amd64 0.10.2-2
2026-08-23 01:44:19 install libfido2-1:amd64 <none> 1.15.0-1+b1
2026-08-23 01:44:19 status half-installed libfido2-1:amd64 1.15.0-1+b1
2026-08-23 01:44:19 status unpacked libfido2-1:amd64 1.15.0-1+b1
2026-08-23 01:44:19 install openssh-client:amd64 <none> 1:10.0p1-7+deb13u4
2026-08-23 01:44:19 status half-installed openssh-client:amd64 1:10.0p1-7+deb13u4
2026-08-23 01:44:20 status unpacked openssh-client:amd64 1:10.0p1-7+deb13u4
2026-08-23 01:44:20 install openssh-sftp-server:amd64 <none> 1:10.0p1-7+deb13u4
2026-08-23 01:44:20 status half-installed openssh-sftp-server:amd64 1:10.0p1-7+deb13u4
2026-08-23 01:44:20 status unpacked openssh-sftp-server:amd64 1:10.0p1-7+deb13u4
2026-08-23 01:44:20 install ucf:all <none> 3.0052
2026-08-23 01:44:20 status half-installed ucf:all 3.0052
2026-08-23 01:44:20 status unpacked ucf:all 3.0052
2026-08-23 01:44:20 install runit-helper:all <none> 2.16.4
2026-08-23 01:44:20 status half-installed runit-helper:all 2.16.4
2026-08-23 01:44:20 status unpacked runit-helper:all 2.16.4
2026-08-23 01:44:20 install libwrap0:amd64 <none> 7.6.q-36
2026-08-23 01:44:20 status half-installed libwrap0:amd64 7.6.q-36
2026-08-23 01:44:20 status unpacked libwrap0:amd64 7.6.q-36
2026-08-23 01:44:20 install libwtmpdb0:amd64 <none> 0.73.0-3+deb13u1
2026-08-23 01:44:20 status half-installed libwtmpdb0:amd64 0.73.0-3+deb13u1
2026-08-23 01:44:20 status unpacked libwtmpdb0:amd64 0.73.0-3+deb13u1
2026-08-23 01:44:20 install openssh-server:amd64 <none> 1:10.0p1-7+deb13u4
2026-08-23 01:44:20 status half-installed openssh-server:amd64 1:10.0p1-7+deb13u4
2026-08-23 01:44:20 status unpacked openssh-server:amd64 1:10.0p1-7+deb13u4
2026-08-23 01:44:20 install libpython3.13-minimal:amd64 <none> 3.13.5-2+deb13u4
2026-08-23 01:44:20 status half-installed libpython3.13-minimal:amd64 3.13.5-2+deb13u4
2026-08-23 01:44:20 status unpacked libpython3.13-minimal:amd64 3.13.5-2+deb13u4
2026-08-23 01:44:20 install python3.13-minimal:amd64 <none> 3.13.5-2+deb13u4
2026-08-23 01:44:20 status half-installed python3.13-minimal:amd64 3.13.5-2+deb13u4
2026-08-23 01:44:20 status triggers-pending systemd:amd64 257.13-1~deb13u1
2026-08-23 01:44:20 status unpacked python3.13-minimal:amd64 3.13.5-2+deb13u4
2026-08-23 01:44:20 startup packages configure
2026-08-23 01:44:20 configure libpython3.13-minimal:amd64 3.13.5-2+deb13u4 <none>
2026-08-23 01:44:20 status unpacked libpython3.13-minimal:amd64 3.13.5-2+deb13u4
2026-08-23 01:44:20 status half-configured libpython3.13-minimal:amd64 3.13.5-2+deb13u4
2026-08-23 01:44:20 status installed libpython3.13-minimal:amd64 3.13.5-2+deb13u4
2026-08-23 01:44:20 configure libexpat1:amd64 2.8.3-1~deb13u1 <none>
2026-08-23 01:44:20 status unpacked libexpat1:amd64 2.8.3-1~deb13u1
2026-08-23 01:44:20 status half-configured libexpat1:amd64 2.8.3-1~deb13u1
2026-08-23 01:44:20 status installed libexpat1:amd64 2.8.3-1~deb13u1
2026-08-23 01:44:20 configure python3.13-minimal:amd64 3.13.5-2+deb13u4 <none>
2026-08-23 01:44:20 status unpacked python3.13-minimal:amd64 3.13.5-2+deb13u4
2026-08-23 01:44:20 status half-configured python3.13-minimal:amd64 3.13.5-2+deb13u4
2026-08-23 01:44:20 status installed python3.13-minimal:amd64 3.13.5-2+deb13u4
2026-08-23 01:44:20 startup archives unpack
2026-08-23 01:44:20 install python3-minimal:amd64 <none> 3.13.5-1
2026-08-23 01:44:20 status half-installed python3-minimal:amd64 3.13.5-1
2026-08-23 01:44:20 status unpacked python3-minimal:amd64 3.13.5-1
2026-08-23 01:44:21 install media-types:all <none> 13.0.0
2026-08-23 01:44:21 status half-installed media-types:all 13.0.0
2026-08-23 01:44:21 status unpacked media-types:all 13.0.0
2026-08-23 01:44:21 install libffi8:amd64 <none> 3.4.8-2
2026-08-23 01:44:21 status half-installed libffi8:amd64 3.4.8-2
2026-08-23 01:44:21 status unpacked libffi8:amd64 3.4.8-2
2026-08-23 01:44:21 install libpython3.13-stdlib:amd64 <none> 3.13.5-2+deb13u4
2026-08-23 01:44:21 status half-installed libpython3.13-stdlib:amd64 3.13.5-2+deb13u4
2026-08-23 01:44:21 status unpacked libpython3.13-stdlib:amd64 3.13.5-2+deb13u4
2026-08-23 01:44:21 install python3.13:amd64 <none> 3.13.5-2+deb13u4
2026-08-23 01:44:21 status half-installed python3.13:amd64 3.13.5-2+deb13u4
2026-08-23 01:44:21 status unpacked python3.13:amd64 3.13.5-2+deb13u4
2026-08-23 01:44:21 install libpython3-stdlib:amd64 <none> 3.13.5-1
2026-08-23 01:44:21 status half-installed libpython3-stdlib:amd64 3.13.5-1
2026-08-23 01:44:21 status unpacked libpython3-stdlib:amd64 3.13.5-1
2026-08-23 01:44:21 startup packages configure
2026-08-23 01:44:21 configure python3-minimal:amd64 3.13.5-1 <none>
2026-08-23 01:44:21 status unpacked python3-minimal:amd64 3.13.5-1
2026-08-23 01:44:21 status half-configured python3-minimal:amd64 3.13.5-1
2026-08-23 01:44:21 status installed python3-minimal:amd64 3.13.5-1
2026-08-23 01:44:21 startup archives unpack
2026-08-23 01:44:21 install python3:amd64 <none> 3.13.5-1
2026-08-23 01:44:21 status half-installed python3:amd64 3.13.5-1
2026-08-23 01:44:21 status unpacked python3:amd64 3.13.5-1
2026-08-23 01:44:21 install python-apt-common:all <none> 3.0.0
2026-08-23 01:44:21 status half-installed python-apt-common:all 3.0.0
2026-08-23 01:44:21 status unpacked python-apt-common:all 3.0.0
2026-08-23 01:44:21 install distro-info-data:all <none> 0.66+deb13u2
2026-08-23 01:44:21 status half-installed distro-info-data:all 0.66+deb13u2
2026-08-23 01:44:21 status unpacked distro-info-data:all 0.66+deb13u2
2026-08-23 01:44:21 install python3-apt:amd64 <none> 3.0.0
2026-08-23 01:44:21 status half-installed python3-apt:amd64 3.0.0
2026-08-23 01:44:21 status unpacked python3-apt:amd64 3.0.0
2026-08-23 01:44:21 install python3-debconf:all <none> 1.5.91
2026-08-23 01:44:21 status half-installed python3-debconf:all 1.5.91
2026-08-23 01:44:21 status unpacked python3-debconf:all 1.5.91
2026-08-23 01:44:21 install apt-listchanges:all <none> 4.8
2026-08-23 01:44:21 status half-installed apt-listchanges:all 4.8
2026-08-23 01:44:21 status unpacked apt-listchanges:all 4.8
2026-08-23 01:44:21 install bash-completion:all <none> 1:2.16.0-7
2026-08-23 01:44:21 status half-installed bash-completion:all 1:2.16.0-7
2026-08-23 01:44:21 status unpacked bash-completion:all 1:2.16.0-7
2026-08-23 01:44:21 install libfstrm0:amd64 <none> 0.6.1-1+b3
2026-08-23 01:44:21 status half-installed libfstrm0:amd64 0.6.1-1+b3
2026-08-23 01:44:21 status unpacked libfstrm0:amd64 0.6.1-1+b3
2026-08-23 01:44:21 install libjemalloc2:amd64 <none> 5.3.0-3
2026-08-23 01:44:21 status half-installed libjemalloc2:amd64 5.3.0-3
2026-08-23 01:44:21 status unpacked libjemalloc2:amd64 5.3.0-3
2026-08-23 01:44:21 install libjson-c5:amd64 <none> 0.18+ds-1
2026-08-23 01:44:21 status half-installed libjson-c5:amd64 0.18+ds-1
2026-08-23 01:44:21 status unpacked libjson-c5:amd64 0.18+ds-1
2026-08-23 01:44:21 install liblmdb0:amd64 <none> 0.9.31-1+b2
2026-08-23 01:44:21 status half-installed liblmdb0:amd64 0.9.31-1+b2
2026-08-23 01:44:21 status unpacked liblmdb0:amd64 0.9.31-1+b2
2026-08-23 01:44:21 install libmaxminddb0:amd64 <none> 1.12.2-1
2026-08-23 01:44:21 status half-installed libmaxminddb0:amd64 1.12.2-1
2026-08-23 01:44:21 status unpacked libmaxminddb0:amd64 1.12.2-1
2026-08-23 01:44:21 install libnghttp2-14:amd64 <none> 1.64.0-1.1+deb13u1
2026-08-23 01:44:21 status half-installed libnghttp2-14:amd64 1.64.0-1.1+deb13u1
2026-08-23 01:44:21 status unpacked libnghttp2-14:amd64 1.64.0-1.1+deb13u1
2026-08-23 01:44:21 install libprotobuf-c1:amd64 <none> 1.5.1-1
2026-08-23 01:44:21 status half-installed libprotobuf-c1:amd64 1.5.1-1
2026-08-23 01:44:21 status unpacked libprotobuf-c1:amd64 1.5.1-1
2026-08-23 01:44:21 install liburcu8t64:amd64 <none> 0.15.2-2
2026-08-23 01:44:21 status half-installed liburcu8t64:amd64 0.15.2-2
2026-08-23 01:44:22 status unpacked liburcu8t64:amd64 0.15.2-2
2026-08-23 01:44:22 install libuv1t64:amd64 <none> 1.50.0-2
2026-08-23 01:44:22 status half-installed libuv1t64:amd64 1.50.0-2
2026-08-23 01:44:22 status unpacked libuv1t64:amd64 1.50.0-2
2026-08-23 01:44:22 install libxml2:amd64 <none> 2.12.7+dfsg+really2.9.14-2.1+deb13u3
2026-08-23 01:44:22 status half-installed libxml2:amd64 2.12.7+dfsg+really2.9.14-2.1+deb13u3
2026-08-23 01:44:22 status unpacked libxml2:amd64 2.12.7+dfsg+really2.9.14-2.1+deb13u3
2026-08-23 01:44:22 install bind9-libs:amd64 <none> 1:9.20.26-1~deb13u1
2026-08-23 01:44:22 status half-installed bind9-libs:amd64 1:9.20.26-1~deb13u1
2026-08-23 01:44:22 status unpacked bind9-libs:amd64 1:9.20.26-1~deb13u1
2026-08-23 01:44:22 install bind9-host:amd64 <none> 1:9.20.26-1~deb13u1
2026-08-23 01:44:22 status half-installed bind9-host:amd64 1:9.20.26-1~deb13u1
2026-08-23 01:44:22 status unpacked bind9-host:amd64 1:9.20.26-1~deb13u1
2026-08-23 01:44:22 install bind9-dnsutils:amd64 <none> 1:9.20.26-1~deb13u1
2026-08-23 01:44:22 status half-installed bind9-dnsutils:amd64 1:9.20.26-1~deb13u1
2026-08-23 01:44:22 status unpacked bind9-dnsutils:amd64 1:9.20.26-1~deb13u1
2026-08-23 01:44:22 install bzip2:amd64 <none> 1.0.8-6
2026-08-23 01:44:22 status half-installed bzip2:amd64 1.0.8-6
2026-08-23 01:44:22 status unpacked bzip2:amd64 1.0.8-6
2026-08-23 01:44:22 install openssl:amd64 <none> 3.5.6-1~deb13u2
2026-08-23 01:44:22 status half-installed openssl:amd64 3.5.6-1~deb13u2
2026-08-23 01:44:22 status unpacked openssl:amd64 3.5.6-1~deb13u2
2026-08-23 01:44:22 install ca-certificates:all <none> 20250419
2026-08-23 01:44:22 status half-installed ca-certificates:all 20250419
2026-08-23 01:44:22 status unpacked ca-certificates:all 20250419
2026-08-23 01:44:22 install debian-faq:all <none> 12.2
2026-08-23 01:44:22 status half-installed debian-faq:all 12.2
2026-08-23 01:44:22 status unpacked debian-faq:all 12.2
2026-08-23 01:44:22 install doc-debian:all <none> 11.3+nmu1
2026-08-23 01:44:22 status half-installed doc-debian:all 11.3+nmu1
2026-08-23 01:44:22 status unpacked doc-debian:all 11.3+nmu1
2026-08-23 01:44:22 install libmagic-mgc:amd64 <none> 1:5.46-5
2026-08-23 01:44:22 status half-installed libmagic-mgc:amd64 1:5.46-5
2026-08-23 01:44:22 status unpacked libmagic-mgc:amd64 1:5.46-5
2026-08-23 01:44:22 install libmagic1t64:amd64 <none> 1:5.46-5
2026-08-23 01:44:22 status half-installed libmagic1t64:amd64 1:5.46-5
2026-08-23 01:44:22 status unpacked libmagic1t64:amd64 1:5.46-5
2026-08-23 01:44:22 install file:amd64 <none> 1:5.46-5
2026-08-23 01:44:22 status half-installed file:amd64 1:5.46-5
2026-08-23 01:44:22 status unpacked file:amd64 1:5.46-5
2026-08-23 01:44:22 install gettext-base:amd64 <none> 0.23.1-2
2026-08-23 01:44:22 status half-installed gettext-base:amd64 0.23.1-2
2026-08-23 01:44:22 status unpacked gettext-base:amd64 0.23.1-2
2026-08-23 01:44:22 install libuchardet0:amd64 <none> 0.0.8-1+b2
2026-08-23 01:44:22 status half-installed libuchardet0:amd64 0.0.8-1+b2
2026-08-23 01:44:22 status unpacked libuchardet0:amd64 0.0.8-1+b2
2026-08-23 01:44:22 install groff-base:amd64 <none> 1.23.0-9
2026-08-23 01:44:22 status half-installed groff-base:amd64 1.23.0-9
2026-08-23 01:44:22 status unpacked groff-base:amd64 1.23.0-9
2026-08-23 01:44:22 install inetutils-telnet:amd64 <none> 2:2.6-3+deb13u3
2026-08-23 01:44:22 status half-installed inetutils-telnet:amd64 2:2.6-3+deb13u3
2026-08-23 01:44:22 status unpacked inetutils-telnet:amd64 2:2.6-3+deb13u3
2026-08-23 01:44:22 install krb5-locales:all <none> 1.21.3-5+deb13u1
2026-08-23 01:44:22 status half-installed krb5-locales:all 1.21.3-5+deb13u1
2026-08-23 01:44:22 status unpacked krb5-locales:all 1.21.3-5+deb13u1
2026-08-23 01:44:22 install liblockfile-bin:amd64 <none> 1.17-2
2026-08-23 01:44:22 status half-installed liblockfile-bin:amd64 1.17-2
2026-08-23 01:44:22 status unpacked liblockfile-bin:amd64 1.17-2
2026-08-23 01:44:22 install libnss-systemd:amd64 <none> 257.13-1~deb13u1
2026-08-23 01:44:22 status half-installed libnss-systemd:amd64 257.13-1~deb13u1
2026-08-23 01:44:22 status unpacked libnss-systemd:amd64 257.13-1~deb13u1
2026-08-23 01:44:22 install libpam-systemd:amd64 <none> 257.13-1~deb13u1
2026-08-23 01:44:22 status half-installed libpam-systemd:amd64 257.13-1~deb13u1
2026-08-23 01:44:22 status unpacked libpam-systemd:amd64 257.13-1~deb13u1
2026-08-23 01:44:23 install libpam-wtmpdb:amd64 <none> 0.73.0-3+deb13u1
2026-08-23 01:44:23 status half-installed libpam-wtmpdb:amd64 0.73.0-3+deb13u1
2026-08-23 01:44:23 status unpacked libpam-wtmpdb:amd64 0.73.0-3+deb13u1
2026-08-23 01:44:23 install liblsof0:amd64 <none> 4.99.4+dfsg-2
2026-08-23 01:44:23 status half-installed liblsof0:amd64 4.99.4+dfsg-2
2026-08-23 01:44:23 status unpacked liblsof0:amd64 4.99.4+dfsg-2
2026-08-23 01:44:23 install lsof:amd64 <none> 4.99.4+dfsg-2
2026-08-23 01:44:23 status half-installed lsof:amd64 4.99.4+dfsg-2
2026-08-23 01:44:23 status unpacked lsof:amd64 4.99.4+dfsg-2
2026-08-23 01:44:23 install bsdextrautils:amd64 <none> 2.41.5-0+deb13u1
2026-08-23 01:44:23 status half-installed bsdextrautils:amd64 2.41.5-0+deb13u1
2026-08-23 01:44:23 status unpacked bsdextrautils:amd64 2.41.5-0+deb13u1
2026-08-23 01:44:23 install libgdbm6t64:amd64 <none> 1.24-2
2026-08-23 01:44:23 status half-installed libgdbm6t64:amd64 1.24-2
2026-08-23 01:44:23 status unpacked libgdbm6t64:amd64 1.24-2
2026-08-23 01:44:23 install libpipeline1:amd64 <none> 1.5.8-1
2026-08-23 01:44:23 status half-installed libpipeline1:amd64 1.5.8-1
2026-08-23 01:44:23 status unpacked libpipeline1:amd64 1.5.8-1
2026-08-23 01:44:23 install man-db:amd64 <none> 2.13.1-1
2026-08-23 01:44:23 status half-installed man-db:amd64 2.13.1-1
2026-08-23 01:44:23 status unpacked man-db:amd64 2.13.1-1
2026-08-23 01:44:23 install manpages:all <none> 6.9.1-1
2026-08-23 01:44:23 status half-installed manpages:all 6.9.1-1
2026-08-23 01:44:23 status unpacked manpages:all 6.9.1-1
2026-08-23 01:44:23 install ncurses-term:all <none> 6.5+20250216-2
2026-08-23 01:44:23 status half-installed ncurses-term:all 6.5+20250216-2
2026-08-23 01:44:23 status unpacked ncurses-term:all 6.5+20250216-2
2026-08-23 01:44:23 install netcat-traditional:amd64 <none> 1.10-50
2026-08-23 01:44:23 status half-installed netcat-traditional:amd64 1.10-50
2026-08-23 01:44:23 status unpacked netcat-traditional:amd64 1.10-50
2026-08-23 01:44:23 install perl-modules-5.40:all <none> 5.40.1-6
2026-08-23 01:44:23 status half-installed perl-modules-5.40:all 5.40.1-6
2026-08-23 01:44:23 status unpacked perl-modules-5.40:all 5.40.1-6
2026-08-23 01:44:23 install libgdbm-compat4t64:amd64 <none> 1.24-2
2026-08-23 01:44:23 status half-installed libgdbm-compat4t64:amd64 1.24-2
2026-08-23 01:44:23 status unpacked libgdbm-compat4t64:amd64 1.24-2
2026-08-23 01:44:23 install libperl5.40:amd64 <none> 5.40.1-6
2026-08-23 01:44:23 status half-installed libperl5.40:amd64 5.40.1-6
2026-08-23 01:44:24 status unpacked libperl5.40:amd64 5.40.1-6
2026-08-23 01:44:24 install perl:amd64 <none> 5.40.1-6
2026-08-23 01:44:24 status half-installed perl:amd64 5.40.1-6
2026-08-23 01:44:24 status unpacked perl:amd64 5.40.1-6
2026-08-23 01:44:24 install python3-charset-normalizer:amd64 <none> 3.4.2-1
2026-08-23 01:44:24 status half-installed python3-charset-normalizer:amd64 3.4.2-1
2026-08-23 01:44:24 status unpacked python3-charset-normalizer:amd64 3.4.2-1
2026-08-23 01:44:24 install python3-debian:all <none> 1.0.1
2026-08-23 01:44:24 status half-installed python3-debian:all 1.0.1
2026-08-23 01:44:24 status unpacked python3-debian:all 1.0.1
2026-08-23 01:44:24 install python3-debianbts:all <none> 4.1.1
2026-08-23 01:44:24 status half-installed python3-debianbts:all 4.1.1
2026-08-23 01:44:24 status unpacked python3-debianbts:all 4.1.1
2026-08-23 01:44:24 install python3-certifi:all <none> 2025.1.31+ds-1
2026-08-23 01:44:24 status half-installed python3-certifi:all 2025.1.31+ds-1
2026-08-23 01:44:24 status unpacked python3-certifi:all 2025.1.31+ds-1
2026-08-23 01:44:24 install python3-idna:all <none> 3.10-1+deb13u1
2026-08-23 01:44:24 status half-installed python3-idna:all 3.10-1+deb13u1
2026-08-23 01:44:24 status unpacked python3-idna:all 3.10-1+deb13u1
2026-08-23 01:44:24 install python3-urllib3:all <none> 2.3.0-3+deb13u2
2026-08-23 01:44:24 status half-installed python3-urllib3:all 2.3.0-3+deb13u2
2026-08-23 01:44:24 status unpacked python3-urllib3:all 2.3.0-3+deb13u2
2026-08-23 01:44:24 install python3-chardet:all <none> 5.2.0+dfsg-2
2026-08-23 01:44:24 status half-installed python3-chardet:all 5.2.0+dfsg-2
2026-08-23 01:44:24 status unpacked python3-chardet:all 5.2.0+dfsg-2
2026-08-23 01:44:24 install python3-requests:all <none> 2.32.3+dfsg-5+deb13u1
2026-08-23 01:44:24 status half-installed python3-requests:all 2.32.3+dfsg-5+deb13u1
2026-08-23 01:44:24 status unpacked python3-requests:all 2.32.3+dfsg-5+deb13u1
2026-08-23 01:44:24 install python3-reportbug:all <none> 13.2.0
2026-08-23 01:44:24 status half-installed python3-reportbug:all 13.2.0
2026-08-23 01:44:24 status unpacked python3-reportbug:all 13.2.0
2026-08-23 01:44:24 install reportbug:all <none> 13.2.0
2026-08-23 01:44:24 status half-installed reportbug:all 13.2.0
2026-08-23 01:44:24 status unpacked reportbug:all 13.2.0
2026-08-23 01:44:24 install systemd-timesyncd:amd64 <none> 257.13-1~deb13u1
2026-08-23 01:44:24 status half-installed systemd-timesyncd:amd64 257.13-1~deb13u1
2026-08-23 01:44:24 status unpacked systemd-timesyncd:amd64 257.13-1~deb13u1
2026-08-23 01:44:24 install traceroute:amd64 <none> 1:2.1.6-1
2026-08-23 01:44:24 status half-installed traceroute:amd64 1:2.1.6-1
2026-08-23 01:44:24 status unpacked traceroute:amd64 1:2.1.6-1
2026-08-23 01:44:24 install util-linux-extra:amd64 <none> 2.41.5-0+deb13u1
2026-08-23 01:44:24 status half-installed util-linux-extra:amd64 2.41.5-0+deb13u1
2026-08-23 01:44:24 status unpacked util-linux-extra:amd64 2.41.5-0+deb13u1
2026-08-23 01:44:24 install wamerican:all <none> 2020.12.07-4
2026-08-23 01:44:24 status half-installed wamerican:all 2020.12.07-4
2026-08-23 01:44:24 status unpacked wamerican:all 2020.12.07-4
2026-08-23 01:44:24 install libp11-kit0:amd64 <none> 0.25.5-3
2026-08-23 01:44:24 status half-installed libp11-kit0:amd64 0.25.5-3
2026-08-23 01:44:24 status unpacked libp11-kit0:amd64 0.25.5-3
2026-08-23 01:44:24 install libtasn1-6:amd64 <none> 4.20.0-2+deb13u1
2026-08-23 01:44:24 status half-installed libtasn1-6:amd64 4.20.0-2+deb13u1
2026-08-23 01:44:24 status unpacked libtasn1-6:amd64 4.20.0-2+deb13u1
2026-08-23 01:44:24 install libgnutls30t64:amd64 <none> 3.8.9-3+deb13u4
2026-08-23 01:44:24 status half-installed libgnutls30t64:amd64 3.8.9-3+deb13u4
2026-08-23 01:44:24 status unpacked libgnutls30t64:amd64 3.8.9-3+deb13u4
2026-08-23 01:44:25 install libpsl5t64:amd64 <none> 0.21.2-1.1+b1
2026-08-23 01:44:25 status half-installed libpsl5t64:amd64 0.21.2-1.1+b1
2026-08-23 01:44:25 status unpacked libpsl5t64:amd64 0.21.2-1.1+b1
2026-08-23 01:44:25 install wget:amd64 <none> 1.25.0-2
2026-08-23 01:44:25 status half-installed wget:amd64 1.25.0-2
2026-08-23 01:44:25 status unpacked wget:amd64 1.25.0-2
2026-08-23 01:44:25 install wtmpdb:amd64 <none> 0.73.0-3+deb13u1
2026-08-23 01:44:25 status half-installed wtmpdb:amd64 0.73.0-3+deb13u1
2026-08-23 01:44:25 status unpacked wtmpdb:amd64 0.73.0-3+deb13u1
2026-08-23 01:44:25 install xz-utils:amd64 <none> 5.8.1-1+deb13u1
2026-08-23 01:44:25 status half-installed xz-utils:amd64 5.8.1-1+deb13u1
2026-08-23 01:44:25 status unpacked xz-utils:amd64 5.8.1-1+deb13u1
2026-08-23 01:44:25 install dbus-user-session:amd64 <none> 1.16.2-2
2026-08-23 01:44:25 status half-installed dbus-user-session:amd64 1.16.2-2
2026-08-23 01:44:25 status unpacked dbus-user-session:amd64 1.16.2-2
2026-08-23 01:44:25 install emacsen-common:all <none> 3.0.8
2026-08-23 01:44:25 status half-installed emacsen-common:all 3.0.8
2026-08-23 01:44:25 status unpacked emacsen-common:all 3.0.8
2026-08-23 01:44:25 install dictionaries-common:all <none> 1.30.10
2026-08-23 01:44:25 status half-installed dictionaries-common:all 1.30.10
2026-08-23 01:44:25 status unpacked dictionaries-common:all 1.30.10
2026-08-23 01:44:25 install ispell:amd64 <none> 3.4.06-1
2026-08-23 01:44:25 status half-installed ispell:amd64 3.4.06-1
2026-08-23 01:44:25 status unpacked ispell:amd64 3.4.06-1
2026-08-23 01:44:25 install ienglish-common:all <none> 3.4.06-1
2026-08-23 01:44:25 status half-installed ienglish-common:all 3.4.06-1
2026-08-23 01:44:25 status unpacked ienglish-common:all 3.4.06-1
2026-08-23 01:44:25 install iamerican:all <none> 3.4.06-1
2026-08-23 01:44:25 status half-installed iamerican:all 3.4.06-1
2026-08-23 01:44:25 status unpacked iamerican:all 3.4.06-1
2026-08-23 01:44:25 install ibritish:all <none> 3.4.06-1
2026-08-23 01:44:25 status half-installed ibritish:all 3.4.06-1
2026-08-23 01:44:25 status unpacked ibritish:all 3.4.06-1
2026-08-23 01:44:25 install iso-codes:all <none> 4.18.0-1
2026-08-23 01:44:25 status half-installed iso-codes:all 4.18.0-1
2026-08-23 01:44:25 status unpacked iso-codes:all 4.18.0-1
2026-08-23 01:44:25 install libxau6:amd64 <none> 1:1.0.11-1
2026-08-23 01:44:25 status half-installed libxau6:amd64 1:1.0.11-1
2026-08-23 01:44:25 status unpacked libxau6:amd64 1:1.0.11-1
2026-08-23 01:44:25 install libxdmcp6:amd64 <none> 1:1.1.5-1
2026-08-23 01:44:25 status half-installed libxdmcp6:amd64 1:1.1.5-1
2026-08-23 01:44:25 status unpacked libxdmcp6:amd64 1:1.1.5-1
2026-08-23 01:44:25 install libxcb1:amd64 <none> 1.17.0-2+b1
2026-08-23 01:44:25 status half-installed libxcb1:amd64 1.17.0-2+b1
2026-08-23 01:44:25 status unpacked libxcb1:amd64 1.17.0-2+b1
2026-08-23 01:44:25 install libx11-data:all <none> 2:1.8.12-1
2026-08-23 01:44:25 status half-installed libx11-data:all 2:1.8.12-1
2026-08-23 01:44:25 status unpacked libx11-data:all 2:1.8.12-1
2026-08-23 01:44:25 install libx11-6:amd64 <none> 2:1.8.12-1
2026-08-23 01:44:25 status half-installed libx11-6:amd64 2:1.8.12-1
2026-08-23 01:44:25 status unpacked libx11-6:amd64 2:1.8.12-1
2026-08-23 01:44:25 install libxext6:amd64 <none> 2:1.3.4-1+b3
2026-08-23 01:44:25 status half-installed libxext6:amd64 2:1.3.4-1+b3
2026-08-23 01:44:25 status unpacked libxext6:amd64 2:1.3.4-1+b3
2026-08-23 01:44:25 install libxmuu1:amd64 <none> 2:1.1.3-3+b4
2026-08-23 01:44:25 status half-installed libxmuu1:amd64 2:1.1.3-3+b4
2026-08-23 01:44:26 status unpacked libxmuu1:amd64 2:1.1.3-3+b4
2026-08-23 01:44:26 install lsb-release:all <none> 12.1-1
2026-08-23 01:44:26 status half-installed lsb-release:all 12.1-1
2026-08-23 01:44:26 status unpacked lsb-release:all 12.1-1
2026-08-23 01:44:26 install publicsuffix:all <none> 20250328.1952-0.1
2026-08-23 01:44:26 status half-installed publicsuffix:all 20250328.1952-0.1
2026-08-23 01:44:26 status unpacked publicsuffix:all 20250328.1952-0.1
2026-08-23 01:44:26 install task-english:all <none> 3.81
2026-08-23 01:44:26 status half-installed task-english:all 3.81
2026-08-23 01:44:26 status unpacked task-english:all 3.81
2026-08-23 01:44:26 install task-ssh-server:all <none> 3.81
2026-08-23 01:44:26 status half-installed task-ssh-server:all 3.81
2026-08-23 01:44:26 status unpacked task-ssh-server:all 3.81
2026-08-23 01:44:26 install util-linux-locales:all <none> 2.41.5-0+deb13u1
2026-08-23 01:44:26 status half-installed util-linux-locales:all 2.41.5-0+deb13u1
2026-08-23 01:44:26 status unpacked util-linux-locales:all 2.41.5-0+deb13u1
2026-08-23 01:44:26 install xauth:amd64 <none> 1:1.1.2-1.1
2026-08-23 01:44:26 status half-installed xauth:amd64 1:1.1.2-1.1
2026-08-23 01:44:26 status unpacked xauth:amd64 1:1.1.2-1.1
2026-08-23 01:44:26 startup packages configure
2026-08-23 01:44:26 configure media-types:all 13.0.0 <none>
2026-08-23 01:44:26 status unpacked media-types:all 13.0.0
2026-08-23 01:44:26 status half-configured media-types:all 13.0.0
2026-08-23 01:44:26 status installed media-types:all 13.0.0
2026-08-23 01:44:26 configure libpipeline1:amd64 1.5.8-1 <none>
2026-08-23 01:44:26 status unpacked libpipeline1:amd64 1.5.8-1
2026-08-23 01:44:26 status half-configured libpipeline1:amd64 1.5.8-1
2026-08-23 01:44:26 status installed libpipeline1:amd64 1.5.8-1
2026-08-23 01:44:26 configure liblmdb0:amd64 0.9.31-1+b2 <none>
2026-08-23 01:44:26 status unpacked liblmdb0:amd64 0.9.31-1+b2
2026-08-23 01:44:26 status half-configured liblmdb0:amd64 0.9.31-1+b2
2026-08-23 01:44:26 status installed liblmdb0:amd64 0.9.31-1+b2
2026-08-23 01:44:26 configure runit-helper:all 2.16.4 <none>
2026-08-23 01:44:26 status unpacked runit-helper:all 2.16.4
2026-08-23 01:44:26 status half-configured runit-helper:all 2.16.4
2026-08-23 01:44:26 status installed runit-helper:all 2.16.4
2026-08-23 01:44:26 configure liburcu8t64:amd64 0.15.2-2 <none>
2026-08-23 01:44:26 status unpacked liburcu8t64:amd64 0.15.2-2
2026-08-23 01:44:26 status half-configured liburcu8t64:amd64 0.15.2-2
2026-08-23 01:44:26 status installed liburcu8t64:amd64 0.15.2-2
2026-08-23 01:44:26 configure libxau6:amd64 1:1.0.11-1 <none>
2026-08-23 01:44:26 status unpacked libxau6:amd64 1:1.0.11-1
2026-08-23 01:44:26 status half-configured libxau6:amd64 1:1.0.11-1
2026-08-23 01:44:26 status installed libxau6:amd64 1:1.0.11-1
2026-08-23 01:44:26 configure libxdmcp6:amd64 1:1.1.5-1 <none>
2026-08-23 01:44:26 status unpacked libxdmcp6:amd64 1:1.1.5-1
2026-08-23 01:44:26 status half-configured libxdmcp6:amd64 1:1.1.5-1
2026-08-23 01:44:26 status installed libxdmcp6:amd64 1:1.1.5-1
2026-08-23 01:44:26 configure libxcb1:amd64 1.17.0-2+b1 <none>
2026-08-23 01:44:26 status unpacked libxcb1:amd64 1.17.0-2+b1
2026-08-23 01:44:26 status half-configured libxcb1:amd64 1.17.0-2+b1
2026-08-23 01:44:26 status installed libxcb1:amd64 1.17.0-2+b1
2026-08-23 01:44:26 configure liblockfile-bin:amd64 1.17-2 <none>
2026-08-23 01:44:26 status unpacked liblockfile-bin:amd64 1.17-2
2026-08-23 01:44:26 status half-configured liblockfile-bin:amd64 1.17-2
2026-08-23 01:44:26 status installed liblockfile-bin:amd64 1.17-2
2026-08-23 01:44:26 configure libgdbm6t64:amd64 1.24-2 <none>
2026-08-23 01:44:26 status unpacked libgdbm6t64:amd64 1.24-2
2026-08-23 01:44:26 status half-configured libgdbm6t64:amd64 1.24-2
2026-08-23 01:44:26 status installed libgdbm6t64:amd64 1.24-2
2026-08-23 01:44:26 configure bsdextrautils:amd64 2.41.5-0+deb13u1 <none>
2026-08-23 01:44:26 status unpacked bsdextrautils:amd64 2.41.5-0+deb13u1
2026-08-23 01:44:26 status half-configured bsdextrautils:amd64 2.41.5-0+deb13u1
2026-08-23 01:44:26 status installed bsdextrautils:amd64 2.41.5-0+deb13u1
2026-08-23 01:44:26 configure netcat-traditional:amd64 1.10-50 <none>
2026-08-23 01:44:26 status unpacked netcat-traditional:amd64 1.10-50
2026-08-23 01:44:26 status half-configured netcat-traditional:amd64 1.10-50
2026-08-23 01:44:26 status installed netcat-traditional:amd64 1.10-50
2026-08-23 01:44:26 configure libgdbm-compat4t64:amd64 1.24-2 <none>
2026-08-23 01:44:26 status unpacked libgdbm-compat4t64:amd64 1.24-2
2026-08-23 01:44:26 status half-configured libgdbm-compat4t64:amd64 1.24-2
2026-08-23 01:44:26 status installed libgdbm-compat4t64:amd64 1.24-2
2026-08-23 01:44:26 configure traceroute:amd64 1:2.1.6-1 <none>
2026-08-23 01:44:26 status unpacked traceroute:amd64 1:2.1.6-1
2026-08-23 01:44:26 status half-configured traceroute:amd64 1:2.1.6-1
2026-08-23 01:44:26 status installed traceroute:amd64 1:2.1.6-1
2026-08-23 01:44:26 configure libmagic-mgc:amd64 1:5.46-5 <none>
2026-08-23 01:44:26 status unpacked libmagic-mgc:amd64 1:5.46-5
2026-08-23 01:44:26 status half-configured libmagic-mgc:amd64 1:5.46-5
2026-08-23 01:44:26 status installed libmagic-mgc:amd64 1:5.46-5
2026-08-23 01:44:26 configure libcbor0.10:amd64 0.10.2-2 <none>
2026-08-23 01:44:26 status unpacked libcbor0.10:amd64 0.10.2-2
2026-08-23 01:44:26 status half-configured libcbor0.10:amd64 0.10.2-2
2026-08-23 01:44:26 status installed libcbor0.10:amd64 0.10.2-2
2026-08-23 01:44:26 configure liblsof0:amd64 4.99.4+dfsg-2 <none>
2026-08-23 01:44:26 status unpacked liblsof0:amd64 4.99.4+dfsg-2
2026-08-23 01:44:26 status half-configured liblsof0:amd64 4.99.4+dfsg-2
2026-08-23 01:44:26 status installed liblsof0:amd64 4.99.4+dfsg-2
2026-08-23 01:44:26 configure distro-info-data:all 0.66+deb13u2 <none>
2026-08-23 01:44:26 status unpacked distro-info-data:all 0.66+deb13u2
2026-08-23 01:44:26 status half-configured distro-info-data:all 0.66+deb13u2
2026-08-23 01:44:26 status installed distro-info-data:all 0.66+deb13u2
2026-08-23 01:44:26 configure manpages:all 6.9.1-1 <none>
2026-08-23 01:44:26 status unpacked manpages:all 6.9.1-1
2026-08-23 01:44:26 status half-configured manpages:all 6.9.1-1
2026-08-23 01:44:26 status installed manpages:all 6.9.1-1
2026-08-23 01:44:26 configure libmaxminddb0:amd64 1.12.2-1 <none>
2026-08-23 01:44:26 status unpacked libmaxminddb0:amd64 1.12.2-1
2026-08-23 01:44:26 status half-configured libmaxminddb0:amd64 1.12.2-1
2026-08-23 01:44:26 status installed libmaxminddb0:amd64 1.12.2-1
2026-08-23 01:44:26 configure libfstrm0:amd64 0.6.1-1+b3 <none>
2026-08-23 01:44:26 status unpacked libfstrm0:amd64 0.6.1-1+b3
2026-08-23 01:44:26 status half-configured libfstrm0:amd64 0.6.1-1+b3
2026-08-23 01:44:26 status installed libfstrm0:amd64 0.6.1-1+b3
2026-08-23 01:44:26 configure libuv1t64:amd64 1.50.0-2 <none>
2026-08-23 01:44:26 status unpacked libuv1t64:amd64 1.50.0-2
2026-08-23 01:44:26 status half-configured libuv1t64:amd64 1.50.0-2
2026-08-23 01:44:26 status installed libuv1t64:amd64 1.50.0-2
2026-08-23 01:44:26 configure libmagic1t64:amd64 1:5.46-5 <none>
2026-08-23 01:44:26 status unpacked libmagic1t64:amd64 1:5.46-5
2026-08-23 01:44:26 status half-configured libmagic1t64:amd64 1:5.46-5
2026-08-23 01:44:26 status installed libmagic1t64:amd64 1:5.46-5
2026-08-23 01:44:26 configure task-english:all 3.81 <none>
2026-08-23 01:44:26 status unpacked task-english:all 3.81
2026-08-23 01:44:26 status half-configured task-english:all 3.81
2026-08-23 01:44:26 status installed task-english:all 3.81
2026-08-23 01:44:26 configure libpsl5t64:amd64 0.21.2-1.1+b1 <none>
2026-08-23 01:44:26 status unpacked libpsl5t64:amd64 0.21.2-1.1+b1
2026-08-23 01:44:26 status half-configured libpsl5t64:amd64 0.21.2-1.1+b1
2026-08-23 01:44:26 status installed libpsl5t64:amd64 0.21.2-1.1+b1
2026-08-23 01:44:26 configure libnghttp2-14:amd64 1.64.0-1.1+deb13u1 <none>
2026-08-23 01:44:26 status unpacked libnghttp2-14:amd64 1.64.0-1.1+deb13u1
2026-08-23 01:44:26 status half-configured libnghttp2-14:amd64 1.64.0-1.1+deb13u1
2026-08-23 01:44:26 status installed libnghttp2-14:amd64 1.64.0-1.1+deb13u1
2026-08-23 01:44:26 configure inetutils-telnet:amd64 2:2.6-3+deb13u3 <none>
2026-08-23 01:44:26 status unpacked inetutils-telnet:amd64 2:2.6-3+deb13u3
2026-08-23 01:44:26 status half-configured inetutils-telnet:amd64 2:2.6-3+deb13u3
2026-08-23 01:44:26 status installed inetutils-telnet:amd64 2:2.6-3+deb13u3
2026-08-23 01:44:26 configure gettext-base:amd64 0.23.1-2 <none>
2026-08-23 01:44:26 status unpacked gettext-base:amd64 0.23.1-2
2026-08-23 01:44:26 status half-configured gettext-base:amd64 0.23.1-2
2026-08-23 01:44:26 status installed gettext-base:amd64 0.23.1-2
2026-08-23 01:44:26 configure libnss-systemd:amd64 257.13-1~deb13u1 <none>
2026-08-23 01:44:26 status unpacked libnss-systemd:amd64 257.13-1~deb13u1
2026-08-23 01:44:26 status half-configured libnss-systemd:amd64 257.13-1~deb13u1
2026-08-23 01:44:26 status installed libnss-systemd:amd64 257.13-1~deb13u1
2026-08-23 01:44:26 configure krb5-locales:all 1.21.3-5+deb13u1 <none>
2026-08-23 01:44:26 status unpacked krb5-locales:all 1.21.3-5+deb13u1
2026-08-23 01:44:26 status half-configured krb5-locales:all 1.21.3-5+deb13u1
2026-08-23 01:44:26 status installed krb5-locales:all 1.21.3-5+deb13u1
2026-08-23 01:44:26 configure file:amd64 1:5.46-5 <none>
2026-08-23 01:44:26 status unpacked file:amd64 1:5.46-5
2026-08-23 01:44:26 status half-configured file:amd64 1:5.46-5
2026-08-23 01:44:26 status installed file:amd64 1:5.46-5
2026-08-23 01:44:26 configure libjemalloc2:amd64 5.3.0-3 <none>
2026-08-23 01:44:26 status unpacked libjemalloc2:amd64 5.3.0-3
2026-08-23 01:44:26 status half-configured libjemalloc2:amd64 5.3.0-3
2026-08-23 01:44:26 status installed libjemalloc2:amd64 5.3.0-3
2026-08-23 01:44:26 configure ispell:amd64 3.4.06-1 <none>
2026-08-23 01:44:26 status unpacked ispell:amd64 3.4.06-1
2026-08-23 01:44:26 status half-configured ispell:amd64 3.4.06-1
2026-08-23 01:44:26 status installed ispell:amd64 3.4.06-1
2026-08-23 01:44:26 configure bzip2:amd64 1.0.8-6 <none>
2026-08-23 01:44:26 status unpacked bzip2:amd64 1.0.8-6
2026-08-23 01:44:26 status half-configured bzip2:amd64 1.0.8-6
2026-08-23 01:44:26 status installed bzip2:amd64 1.0.8-6
2026-08-23 01:44:26 configure doc-debian:all 11.3+nmu1 <none>
2026-08-23 01:44:26 status unpacked doc-debian:all 11.3+nmu1
2026-08-23 01:44:26 status half-configured doc-debian:all 11.3+nmu1
2026-08-23 01:44:26 status installed doc-debian:all 11.3+nmu1
2026-08-23 01:44:26 configure libprotobuf-c1:amd64 1.5.1-1 <none>
2026-08-23 01:44:26 status unpacked libprotobuf-c1:amd64 1.5.1-1
2026-08-23 01:44:26 status half-configured libprotobuf-c1:amd64 1.5.1-1
2026-08-23 01:44:26 status installed libprotobuf-c1:amd64 1.5.1-1
2026-08-23 01:44:26 configure debian-faq:all 12.2 <none>
2026-08-23 01:44:26 status unpacked debian-faq:all 12.2
2026-08-23 01:44:26 status half-configured debian-faq:all 12.2
2026-08-23 01:44:26 status installed debian-faq:all 12.2
2026-08-23 01:44:26 configure emacsen-common:all 3.0.8 <none>
2026-08-23 01:44:26 status unpacked emacsen-common:all 3.0.8
2026-08-23 01:44:26 status half-configured emacsen-common:all 3.0.8
2026-08-23 01:44:26 status installed emacsen-common:all 3.0.8
2026-08-23 01:44:26 configure libwrap0:amd64 7.6.q-36 <none>
2026-08-23 01:44:26 status unpacked libwrap0:amd64 7.6.q-36
2026-08-23 01:44:26 status half-configured libwrap0:amd64 7.6.q-36
2026-08-23 01:44:26 status installed libwrap0:amd64 7.6.q-36
2026-08-23 01:44:26 configure libx11-data:all 2:1.8.12-1 <none>
2026-08-23 01:44:26 status unpacked libx11-data:all 2:1.8.12-1
2026-08-23 01:44:26 status half-configured libx11-data:all 2:1.8.12-1
2026-08-23 01:44:26 status installed libx11-data:all 2:1.8.12-1
2026-08-23 01:44:26 configure bash-completion:all 1:2.16.0-7 <none>
2026-08-23 01:44:26 status unpacked bash-completion:all 1:2.16.0-7
2026-08-23 01:44:26 status half-configured bash-completion:all 1:2.16.0-7
2026-08-23 01:44:26 status installed bash-completion:all 1:2.16.0-7
2026-08-23 01:44:26 configure wamerican:all 2020.12.07-4 <none>
2026-08-23 01:44:26 status unpacked wamerican:all 2020.12.07-4
2026-08-23 01:44:26 status half-configured wamerican:all 2020.12.07-4
2026-08-23 01:44:26 status installed wamerican:all 2020.12.07-4
2026-08-23 01:44:26 configure libdbus-1-3:amd64 1.16.2-2 <none>
2026-08-23 01:44:26 status unpacked libdbus-1-3:amd64 1.16.2-2
2026-08-23 01:44:26 status half-configured libdbus-1-3:amd64 1.16.2-2
2026-08-23 01:44:26 status installed libdbus-1-3:amd64 1.16.2-2
2026-08-23 01:44:26 configure xz-utils:amd64 5.8.1-1+deb13u1 <none>
2026-08-23 01:44:26 status unpacked xz-utils:amd64 5.8.1-1+deb13u1
2026-08-23 01:44:26 status half-configured xz-utils:amd64 5.8.1-1+deb13u1
2026-08-23 01:44:26 status installed xz-utils:amd64 5.8.1-1+deb13u1
2026-08-23 01:44:26 configure systemd-timesyncd:amd64 257.13-1~deb13u1 <none>
2026-08-23 01:44:26 status unpacked systemd-timesyncd:amd64 257.13-1~deb13u1
2026-08-23 01:44:27 status half-configured systemd-timesyncd:amd64 257.13-1~deb13u1
2026-08-23 01:44:27 status installed systemd-timesyncd:amd64 257.13-1~deb13u1
2026-08-23 01:44:27 configure ucf:all 3.0052 <none>
2026-08-23 01:44:27 status unpacked ucf:all 3.0052
2026-08-23 01:44:27 status half-configured ucf:all 3.0052
2026-08-23 01:44:27 status installed ucf:all 3.0052
2026-08-23 01:44:27 configure lsof:amd64 4.99.4+dfsg-2 <none>
2026-08-23 01:44:27 status unpacked lsof:amd64 4.99.4+dfsg-2
2026-08-23 01:44:27 status half-configured lsof:amd64 4.99.4+dfsg-2
2026-08-23 01:44:27 status installed lsof:amd64 4.99.4+dfsg-2
2026-08-23 01:44:27 configure libffi8:amd64 3.4.8-2 <none>
2026-08-23 01:44:27 status unpacked libffi8:amd64 3.4.8-2
2026-08-23 01:44:27 status half-configured libffi8:amd64 3.4.8-2
2026-08-23 01:44:27 status installed libffi8:amd64 3.4.8-2
2026-08-23 01:44:27 configure python-apt-common:all 3.0.0 <none>
2026-08-23 01:44:27 status unpacked python-apt-common:all 3.0.0
2026-08-23 01:44:27 status half-configured python-apt-common:all 3.0.0
2026-08-23 01:44:27 status installed python-apt-common:all 3.0.0
2026-08-23 01:44:27 configure perl-modules-5.40:all 5.40.1-6 <none>
2026-08-23 01:44:27 status unpacked perl-modules-5.40:all 5.40.1-6
2026-08-23 01:44:27 status half-configured perl-modules-5.40:all 5.40.1-6
2026-08-23 01:44:27 status installed perl-modules-5.40:all 5.40.1-6
2026-08-23 01:44:27 configure dbus-session-bus-common:all 1.16.2-2 <none>
2026-08-23 01:44:27 status unpacked dbus-session-bus-common:all 1.16.2-2
2026-08-23 01:44:27 status half-configured dbus-session-bus-common:all 1.16.2-2
2026-08-23 01:44:27 status installed dbus-session-bus-common:all 1.16.2-2
2026-08-23 01:44:27 configure libuchardet0:amd64 0.0.8-1+b2 <none>
2026-08-23 01:44:27 status unpacked libuchardet0:amd64 0.0.8-1+b2
2026-08-23 01:44:27 status half-configured libuchardet0:amd64 0.0.8-1+b2
2026-08-23 01:44:27 status installed libuchardet0:amd64 0.0.8-1+b2
2026-08-23 01:44:27 configure ienglish-common:all 3.4.06-1 <none>
2026-08-23 01:44:27 status unpacked ienglish-common:all 3.4.06-1
2026-08-23 01:44:27 status half-configured ienglish-common:all 3.4.06-1
2026-08-23 01:44:27 status installed ienglish-common:all 3.4.06-1
2026-08-23 01:44:27 configure libtasn1-6:amd64 4.20.0-2+deb13u1 <none>
2026-08-23 01:44:27 status unpacked libtasn1-6:amd64 4.20.0-2+deb13u1
2026-08-23 01:44:27 status half-configured libtasn1-6:amd64 4.20.0-2+deb13u1
2026-08-23 01:44:27 status installed libtasn1-6:amd64 4.20.0-2+deb13u1
2026-08-23 01:44:27 configure libx11-6:amd64 2:1.8.12-1 <none>
2026-08-23 01:44:27 status unpacked libx11-6:amd64 2:1.8.12-1
2026-08-23 01:44:27 status half-configured libx11-6:amd64 2:1.8.12-1
2026-08-23 01:44:27 status installed libx11-6:amd64 2:1.8.12-1
2026-08-23 01:44:27 configure libwtmpdb0:amd64 0.73.0-3+deb13u1 <none>
2026-08-23 01:44:27 status unpacked libwtmpdb0:amd64 0.73.0-3+deb13u1
2026-08-23 01:44:27 status half-configured libwtmpdb0:amd64 0.73.0-3+deb13u1
2026-08-23 01:44:27 status installed libwtmpdb0:amd64 0.73.0-3+deb13u1
2026-08-23 01:44:27 configure util-linux-locales:all 2.41.5-0+deb13u1 <none>
2026-08-23 01:44:27 status unpacked util-linux-locales:all 2.41.5-0+deb13u1
2026-08-23 01:44:27 status half-configured util-linux-locales:all 2.41.5-0+deb13u1
2026-08-23 01:44:27 status installed util-linux-locales:all 2.41.5-0+deb13u1
2026-08-23 01:44:27 configure lsb-release:all 12.1-1 <none>
2026-08-23 01:44:27 status unpacked lsb-release:all 12.1-1
2026-08-23 01:44:27 status half-configured lsb-release:all 12.1-1
2026-08-23 01:44:27 status installed lsb-release:all 12.1-1
2026-08-23 01:44:27 configure dbus-system-bus-common:all 1.16.2-2 <none>
2026-08-23 01:44:27 status unpacked dbus-system-bus-common:all 1.16.2-2
2026-08-23 01:44:27 status half-configured dbus-system-bus-common:all 1.16.2-2
2026-08-23 01:44:27 status installed dbus-system-bus-common:all 1.16.2-2
2026-08-23 01:44:27 configure libfido2-1:amd64 1.15.0-1+b1 <none>
2026-08-23 01:44:27 status unpacked libfido2-1:amd64 1.15.0-1+b1
2026-08-23 01:44:27 status half-configured libfido2-1:amd64 1.15.0-1+b1
2026-08-23 01:44:27 status installed libfido2-1:amd64 1.15.0-1+b1
2026-08-23 01:44:27 configure openssl:amd64 3.5.6-1~deb13u2 <none>
2026-08-23 01:44:27 status unpacked openssl:amd64 3.5.6-1~deb13u2
2026-08-23 01:44:27 status half-configured openssl:amd64 3.5.6-1~deb13u2
2026-08-23 01:44:27 status installed openssl:amd64 3.5.6-1~deb13u2
2026-08-23 01:44:27 configure libpython3.13-stdlib:amd64 3.13.5-2+deb13u4 <none>
2026-08-23 01:44:27 status unpacked libpython3.13-stdlib:amd64 3.13.5-2+deb13u4
2026-08-23 01:44:27 status half-configured libpython3.13-stdlib:amd64 3.13.5-2+deb13u4
2026-08-23 01:44:27 status installed libpython3.13-stdlib:amd64 3.13.5-2+deb13u4
2026-08-23 01:44:27 configure libjson-c5:amd64 0.18+ds-1 <none>
2026-08-23 01:44:27 status unpacked libjson-c5:amd64 0.18+ds-1
2026-08-23 01:44:27 status half-configured libjson-c5:amd64 0.18+ds-1
2026-08-23 01:44:27 status installed libjson-c5:amd64 0.18+ds-1
2026-08-23 01:44:27 configure publicsuffix:all 20250328.1952-0.1 <none>
2026-08-23 01:44:27 status unpacked publicsuffix:all 20250328.1952-0.1
2026-08-23 01:44:27 status half-configured publicsuffix:all 20250328.1952-0.1
2026-08-23 01:44:27 status installed publicsuffix:all 20250328.1952-0.1
2026-08-23 01:44:27 configure libxml2:amd64 2.12.7+dfsg+really2.9.14-2.1+deb13u3 <none>
2026-08-23 01:44:27 status unpacked libxml2:amd64 2.12.7+dfsg+really2.9.14-2.1+deb13u3
2026-08-23 01:44:27 status half-configured libxml2:amd64 2.12.7+dfsg+really2.9.14-2.1+deb13u3
2026-08-23 01:44:27 status installed libxml2:amd64 2.12.7+dfsg+really2.9.14-2.1+deb13u3
2026-08-23 01:44:27 configure iso-codes:all 4.18.0-1 <none>
2026-08-23 01:44:27 status unpacked iso-codes:all 4.18.0-1
2026-08-23 01:44:27 status half-configured iso-codes:all 4.18.0-1
2026-08-23 01:44:27 status installed iso-codes:all 4.18.0-1
2026-08-23 01:44:27 configure libxmuu1:amd64 2:1.1.3-3+b4 <none>
2026-08-23 01:44:27 status unpacked libxmuu1:amd64 2:1.1.3-3+b4
2026-08-23 01:44:27 status half-configured libxmuu1:amd64 2:1.1.3-3+b4
2026-08-23 01:44:27 status installed libxmuu1:amd64 2:1.1.3-3+b4
2026-08-23 01:44:27 configure dbus-bin:amd64 1.16.2-2 <none>
2026-08-23 01:44:27 status unpacked dbus-bin:amd64 1.16.2-2
2026-08-23 01:44:27 status half-configured dbus-bin:amd64 1.16.2-2
2026-08-23 01:44:27 status installed dbus-bin:amd64 1.16.2-2
2026-08-23 01:44:27 configure util-linux-extra:amd64 2.41.5-0+deb13u1 <none>
2026-08-23 01:44:27 status unpacked util-linux-extra:amd64 2.41.5-0+deb13u1
2026-08-23 01:44:27 status half-configured util-linux-extra:amd64 2.41.5-0+deb13u1
2026-08-23 01:44:27 status installed util-linux-extra:amd64 2.41.5-0+deb13u1
2026-08-23 01:44:27 configure libpython3-stdlib:amd64 3.13.5-1 <none>
2026-08-23 01:44:27 status unpacked libpython3-stdlib:amd64 3.13.5-1
2026-08-23 01:44:27 status half-configured libpython3-stdlib:amd64 3.13.5-1
2026-08-23 01:44:27 status installed libpython3-stdlib:amd64 3.13.5-1
2026-08-23 01:44:27 configure ncurses-term:all 6.5+20250216-2 <none>
2026-08-23 01:44:27 status unpacked ncurses-term:all 6.5+20250216-2
2026-08-23 01:44:27 status half-configured ncurses-term:all 6.5+20250216-2
2026-08-23 01:44:27 status installed ncurses-term:all 6.5+20250216-2
2026-08-23 01:44:27 configure bind9-libs:amd64 1:9.20.26-1~deb13u1 <none>
2026-08-23 01:44:27 status unpacked bind9-libs:amd64 1:9.20.26-1~deb13u1
2026-08-23 01:44:27 status half-configured bind9-libs:amd64 1:9.20.26-1~deb13u1
2026-08-23 01:44:27 status installed bind9-libs:amd64 1:9.20.26-1~deb13u1
2026-08-23 01:44:27 configure dictionaries-common:all 1.30.10 <none>
2026-08-23 01:44:27 status unpacked dictionaries-common:all 1.30.10
2026-08-23 01:44:27 status half-configured dictionaries-common:all 1.30.10
2026-08-23 01:44:27 status installed dictionaries-common:all 1.30.10
2026-08-23 01:44:27 status triggers-pending dictionaries-common:all 1.30.10
2026-08-23 01:44:27 configure python3.13:amd64 3.13.5-2+deb13u4 <none>
2026-08-23 01:44:27 status unpacked python3.13:amd64 3.13.5-2+deb13u4
2026-08-23 01:44:27 status half-configured python3.13:amd64 3.13.5-2+deb13u4
2026-08-23 01:44:28 status installed python3.13:amd64 3.13.5-2+deb13u4
2026-08-23 01:44:28 configure libpam-wtmpdb:amd64 0.73.0-3+deb13u1 <none>
2026-08-23 01:44:28 status unpacked libpam-wtmpdb:amd64 0.73.0-3+deb13u1
2026-08-23 01:44:28 status half-configured libpam-wtmpdb:amd64 0.73.0-3+deb13u1
2026-08-23 01:44:28 status installed libpam-wtmpdb:amd64 0.73.0-3+deb13u1
2026-08-23 01:44:28 configure openssh-client:amd64 1:10.0p1-7+deb13u4 <none>
2026-08-23 01:44:28 status unpacked openssh-client:amd64 1:10.0p1-7+deb13u4
2026-08-23 01:44:28 status half-configured openssh-client:amd64 1:10.0p1-7+deb13u4
2026-08-23 01:44:28 status installed openssh-client:amd64 1:10.0p1-7+deb13u4
2026-08-23 01:44:28 configure libxext6:amd64 2:1.3.4-1+b3 <none>
2026-08-23 01:44:28 status unpacked libxext6:amd64 2:1.3.4-1+b3
2026-08-23 01:44:28 status half-configured libxext6:amd64 2:1.3.4-1+b3
2026-08-23 01:44:28 status installed libxext6:amd64 2:1.3.4-1+b3
2026-08-23 01:44:28 configure python3:amd64 3.13.5-1 <none>
2026-08-23 01:44:28 status unpacked python3:amd64 3.13.5-1
2026-08-23 01:44:28 status half-configured python3:amd64 3.13.5-1
2026-08-23 01:44:28 status installed python3:amd64 3.13.5-1
2026-08-23 01:44:28 configure dbus-daemon:amd64 1.16.2-2 <none>
2026-08-23 01:44:28 status unpacked dbus-daemon:amd64 1.16.2-2
2026-08-23 01:44:28 status half-configured dbus-daemon:amd64 1.16.2-2
2026-08-23 01:44:28 status installed dbus-daemon:amd64 1.16.2-2
2026-08-23 01:44:28 configure libperl5.40:amd64 5.40.1-6 <none>
2026-08-23 01:44:28 status unpacked libperl5.40:amd64 5.40.1-6
2026-08-23 01:44:28 status half-configured libperl5.40:amd64 5.40.1-6
2026-08-23 01:44:28 status installed libperl5.40:amd64 5.40.1-6
2026-08-23 01:44:28 configure ca-certificates:all 20250419 <none>
2026-08-23 01:44:28 status unpacked ca-certificates:all 20250419
2026-08-23 01:44:28 status half-configured ca-certificates:all 20250419
2026-08-23 01:44:29 status installed ca-certificates:all 20250419
2026-08-23 01:44:29 status triggers-pending ca-certificates:all 20250419
2026-08-23 01:44:29 configure perl:amd64 5.40.1-6 <none>
2026-08-23 01:44:29 status unpacked perl:amd64 5.40.1-6
2026-08-23 01:44:29 status half-configured perl:amd64 5.40.1-6
2026-08-23 01:44:29 status installed perl:amd64 5.40.1-6
2026-08-23 01:44:29 configure python3-chardet:all 5.2.0+dfsg-2 <none>
2026-08-23 01:44:29 status unpacked python3-chardet:all 5.2.0+dfsg-2
2026-08-23 01:44:29 status half-configured python3-chardet:all 5.2.0+dfsg-2
2026-08-23 01:44:29 status installed python3-chardet:all 5.2.0+dfsg-2
2026-08-23 01:44:29 configure python3-certifi:all 2025.1.31+ds-1 <none>
2026-08-23 01:44:29 status unpacked python3-certifi:all 2025.1.31+ds-1
2026-08-23 01:44:29 status half-configured python3-certifi:all 2025.1.31+ds-1
2026-08-23 01:44:29 status installed python3-certifi:all 2025.1.31+ds-1
2026-08-23 01:44:29 configure dbus:amd64 1.16.2-2 <none>
2026-08-23 01:44:29 status unpacked dbus:amd64 1.16.2-2
2026-08-23 01:44:29 status half-configured dbus:amd64 1.16.2-2
2026-08-23 01:44:29 status installed dbus:amd64 1.16.2-2
2026-08-23 01:44:29 configure wtmpdb:amd64 0.73.0-3+deb13u1 <none>
2026-08-23 01:44:29 status unpacked wtmpdb:amd64 0.73.0-3+deb13u1
2026-08-23 01:44:29 status half-configured wtmpdb:amd64 0.73.0-3+deb13u1
2026-08-23 01:44:29 status installed wtmpdb:amd64 0.73.0-3+deb13u1
2026-08-23 01:44:29 configure libp11-kit0:amd64 0.25.5-3 <none>
2026-08-23 01:44:29 status unpacked libp11-kit0:amd64 0.25.5-3
2026-08-23 01:44:29 status half-configured libp11-kit0:amd64 0.25.5-3
2026-08-23 01:44:29 status installed libp11-kit0:amd64 0.25.5-3
2026-08-23 01:44:29 configure python3-idna:all 3.10-1+deb13u1 <none>
2026-08-23 01:44:29 status unpacked python3-idna:all 3.10-1+deb13u1
2026-08-23 01:44:29 status half-configured python3-idna:all 3.10-1+deb13u1
2026-08-23 01:44:29 status installed python3-idna:all 3.10-1+deb13u1
2026-08-23 01:44:29 configure python3-urllib3:all 2.3.0-3+deb13u2 <none>
2026-08-23 01:44:29 status unpacked python3-urllib3:all 2.3.0-3+deb13u2
2026-08-23 01:44:29 status half-configured python3-urllib3:all 2.3.0-3+deb13u2
2026-08-23 01:44:29 status installed python3-urllib3:all 2.3.0-3+deb13u2
2026-08-23 01:44:29 configure xauth:amd64 1:1.1.2-1.1 <none>
2026-08-23 01:44:29 status unpacked xauth:amd64 1:1.1.2-1.1
2026-08-23 01:44:29 status half-configured xauth:amd64 1:1.1.2-1.1
2026-08-23 01:44:29 status installed xauth:amd64 1:1.1.2-1.1
2026-08-23 01:44:29 configure groff-base:amd64 1.23.0-9 <none>
2026-08-23 01:44:29 status unpacked groff-base:amd64 1.23.0-9
2026-08-23 01:44:29 status half-configured groff-base:amd64 1.23.0-9
2026-08-23 01:44:30 status installed groff-base:amd64 1.23.0-9
2026-08-23 01:44:30 configure libpam-systemd:amd64 257.13-1~deb13u1 <none>
2026-08-23 01:44:30 status unpacked libpam-systemd:amd64 257.13-1~deb13u1
2026-08-23 01:44:30 status half-configured libpam-systemd:amd64 257.13-1~deb13u1
2026-08-23 01:44:30 status installed libpam-systemd:amd64 257.13-1~deb13u1
2026-08-23 01:44:30 configure bind9-host:amd64 1:9.20.26-1~deb13u1 <none>
2026-08-23 01:44:30 status unpacked bind9-host:amd64 1:9.20.26-1~deb13u1
2026-08-23 01:44:30 status half-configured bind9-host:amd64 1:9.20.26-1~deb13u1
2026-08-23 01:44:30 status installed bind9-host:amd64 1:9.20.26-1~deb13u1
2026-08-23 01:44:30 configure libgnutls30t64:amd64 3.8.9-3+deb13u4 <none>
2026-08-23 01:44:30 status unpacked libgnutls30t64:amd64 3.8.9-3+deb13u4
2026-08-23 01:44:30 status half-configured libgnutls30t64:amd64 3.8.9-3+deb13u4
2026-08-23 01:44:30 status installed libgnutls30t64:amd64 3.8.9-3+deb13u4
2026-08-23 01:44:30 configure iamerican:all 3.4.06-1 <none>
2026-08-23 01:44:30 status unpacked iamerican:all 3.4.06-1
2026-08-23 01:44:30 status half-configured iamerican:all 3.4.06-1
2026-08-23 01:44:30 status installed iamerican:all 3.4.06-1
2026-08-23 01:44:30 configure openssh-sftp-server:amd64 1:10.0p1-7+deb13u4 <none>
2026-08-23 01:44:30 status unpacked openssh-sftp-server:amd64 1:10.0p1-7+deb13u4
2026-08-23 01:44:30 status half-configured openssh-sftp-server:amd64 1:10.0p1-7+deb13u4
2026-08-23 01:44:30 status installed openssh-sftp-server:amd64 1:10.0p1-7+deb13u4
2026-08-23 01:44:30 configure ibritish:all 3.4.06-1 <none>
2026-08-23 01:44:30 status unpacked ibritish:all 3.4.06-1
2026-08-23 01:44:30 status half-configured ibritish:all 3.4.06-1
2026-08-23 01:44:30 status installed ibritish:all 3.4.06-1
2026-08-23 01:44:30 configure wget:amd64 1.25.0-2 <none>
2026-08-23 01:44:30 status unpacked wget:amd64 1.25.0-2
2026-08-23 01:44:30 status half-configured wget:amd64 1.25.0-2
2026-08-23 01:44:30 status installed wget:amd64 1.25.0-2
2026-08-23 01:44:30 configure openssh-server:amd64 1:10.0p1-7+deb13u4 <none>
2026-08-23 01:44:30 status unpacked openssh-server:amd64 1:10.0p1-7+deb13u4
2026-08-23 01:44:30 status half-configured openssh-server:amd64 1:10.0p1-7+deb13u4
2026-08-23 01:44:30 status installed openssh-server:amd64 1:10.0p1-7+deb13u4
2026-08-23 01:44:30 configure python3-debianbts:all 4.1.1 <none>
2026-08-23 01:44:30 status unpacked python3-debianbts:all 4.1.1
2026-08-23 01:44:30 status half-configured python3-debianbts:all 4.1.1
2026-08-23 01:44:30 status installed python3-debianbts:all 4.1.1
2026-08-23 01:44:30 configure python3-apt:amd64 3.0.0 <none>
2026-08-23 01:44:30 status unpacked python3-apt:amd64 3.0.0
2026-08-23 01:44:30 status half-configured python3-apt:amd64 3.0.0
2026-08-23 01:44:31 status installed python3-apt:amd64 3.0.0
2026-08-23 01:44:31 configure python3-charset-normalizer:amd64 3.4.2-1 <none>
2026-08-23 01:44:31 status unpacked python3-charset-normalizer:amd64 3.4.2-1
2026-08-23 01:44:31 status half-configured python3-charset-normalizer:amd64 3.4.2-1
2026-08-23 01:44:31 status installed python3-charset-normalizer:amd64 3.4.2-1
2026-08-23 01:44:31 configure python3-debconf:all 1.5.91 <none>
2026-08-23 01:44:31 status unpacked python3-debconf:all 1.5.91
2026-08-23 01:44:31 status half-configured python3-debconf:all 1.5.91
2026-08-23 01:44:31 status installed python3-debconf:all 1.5.91
2026-08-23 01:44:31 configure man-db:amd64 2.13.1-1 <none>
2026-08-23 01:44:31 status unpacked man-db:amd64 2.13.1-1
2026-08-23 01:44:31 status half-configured man-db:amd64 2.13.1-1
2026-08-23 01:44:32 status installed man-db:amd64 2.13.1-1
2026-08-23 01:44:32 configure dbus-user-session:amd64 1.16.2-2 <none>
2026-08-23 01:44:32 status unpacked dbus-user-session:amd64 1.16.2-2
2026-08-23 01:44:32 status half-configured dbus-user-session:amd64 1.16.2-2
2026-08-23 01:44:32 status installed dbus-user-session:amd64 1.16.2-2
2026-08-23 01:44:32 configure task-ssh-server:all 3.81 <none>
2026-08-23 01:44:32 status unpacked task-ssh-server:all 3.81
2026-08-23 01:44:32 status half-configured task-ssh-server:all 3.81
2026-08-23 01:44:32 status installed task-ssh-server:all 3.81
2026-08-23 01:44:32 configure python3-debian:all 1.0.1 <none>
2026-08-23 01:44:32 status unpacked python3-debian:all 1.0.1
2026-08-23 01:44:32 status half-configured python3-debian:all 1.0.1
2026-08-23 01:44:32 status installed python3-debian:all 1.0.1
2026-08-23 01:44:32 configure python3-requests:all 2.32.3+dfsg-5+deb13u1 <none>
2026-08-23 01:44:32 status unpacked python3-requests:all 2.32.3+dfsg-5+deb13u1
2026-08-23 01:44:32 status half-configured python3-requests:all 2.32.3+dfsg-5+deb13u1
2026-08-23 01:44:32 status installed python3-requests:all 2.32.3+dfsg-5+deb13u1
2026-08-23 01:44:32 configure apt-listchanges:all 4.8 <none>
2026-08-23 01:44:32 status unpacked apt-listchanges:all 4.8
2026-08-23 01:44:32 status half-configured apt-listchanges:all 4.8
2026-08-23 01:44:32 status installed apt-listchanges:all 4.8
2026-08-23 01:44:32 configure bind9-dnsutils:amd64 1:9.20.26-1~deb13u1 <none>
2026-08-23 01:44:32 status unpacked bind9-dnsutils:amd64 1:9.20.26-1~deb13u1
2026-08-23 01:44:32 status half-configured bind9-dnsutils:amd64 1:9.20.26-1~deb13u1
2026-08-23 01:44:32 status installed bind9-dnsutils:amd64 1:9.20.26-1~deb13u1
2026-08-23 01:44:32 configure python3-reportbug:all 13.2.0 <none>
2026-08-23 01:44:32 status unpacked python3-reportbug:all 13.2.0
2026-08-23 01:44:32 status half-configured python3-reportbug:all 13.2.0
2026-08-23 01:44:32 status installed python3-reportbug:all 13.2.0
2026-08-23 01:44:32 configure reportbug:all 13.2.0 <none>
2026-08-23 01:44:32 status unpacked reportbug:all 13.2.0
2026-08-23 01:44:32 status half-configured reportbug:all 13.2.0
2026-08-23 01:44:32 status installed reportbug:all 13.2.0
2026-08-23 01:44:32 trigproc systemd:amd64 257.13-1~deb13u1 <none>
2026-08-23 01:44:32 status half-configured systemd:amd64 257.13-1~deb13u1
2026-08-23 01:44:32 status installed systemd:amd64 257.13-1~deb13u1
2026-08-23 01:44:32 trigproc libc-bin:amd64 2.41-12+deb13u3 <none>
2026-08-23 01:44:32 status half-configured libc-bin:amd64 2.41-12+deb13u3
2026-08-23 01:44:32 status installed libc-bin:amd64 2.41-12+deb13u3
2026-08-23 01:44:32 trigproc dictionaries-common:all 1.30.10 <none>
2026-08-23 01:44:32 status half-configured dictionaries-common:all 1.30.10
2026-08-23 01:44:32 status installed dictionaries-common:all 1.30.10
2026-08-23 01:44:32 trigproc ca-certificates:all 20250419 <none>
2026-08-23 01:44:32 status half-configured ca-certificates:all 20250419
2026-08-23 01:44:33 status installed ca-certificates:all 20250419
2026-08-23 01:44:34 startup archives unpack
2026-08-23 01:44:34 install libdevmapper1.02.1:amd64 <none> 2:1.02.205-2
2026-08-23 01:44:34 status triggers-pending libc-bin:amd64 2.41-12+deb13u3
2026-08-23 01:44:34 status half-installed libdevmapper1.02.1:amd64 2:1.02.205-2
2026-08-23 01:44:34 status unpacked libdevmapper1.02.1:amd64 2:1.02.205-2
2026-08-23 01:44:34 install dmsetup:amd64 <none> 2:1.02.205-2
2026-08-23 01:44:34 status triggers-pending initramfs-tools:all 0.148.4
2026-08-23 01:44:34 status half-installed dmsetup:amd64 2:1.02.205-2
2026-08-23 01:44:34 status triggers-pending man-db:amd64 2.13.1-1
2026-08-23 01:44:34 status unpacked dmsetup:amd64 2:1.02.205-2
2026-08-23 01:44:34 install libefivar1t64:amd64 <none> 38-3.1+b1
2026-08-23 01:44:34 status half-installed libefivar1t64:amd64 38-3.1+b1
2026-08-23 01:44:34 status unpacked libefivar1t64:amd64 38-3.1+b1
2026-08-23 01:44:34 install libefiboot1t64:amd64 <none> 38-3.1+b1
2026-08-23 01:44:34 status half-installed libefiboot1t64:amd64 38-3.1+b1
2026-08-23 01:44:34 status unpacked libefiboot1t64:amd64 38-3.1+b1
2026-08-23 01:44:34 install libbrotli1:amd64 <none> 1.1.0-2+b7
2026-08-23 01:44:34 status half-installed libbrotli1:amd64 1.1.0-2+b7
2026-08-23 01:44:34 status unpacked libbrotli1:amd64 1.1.0-2+b7
2026-08-23 01:44:34 install libpng16-16t64:amd64 <none> 1.6.48-1+deb13u5
2026-08-23 01:44:34 status half-installed libpng16-16t64:amd64 1.6.48-1+deb13u5
2026-08-23 01:44:34 status unpacked libpng16-16t64:amd64 1.6.48-1+deb13u5
2026-08-23 01:44:34 install libfreetype6:amd64 <none> 2.13.3+dfsg-1+deb13u1
2026-08-23 01:44:34 status half-installed libfreetype6:amd64 2.13.3+dfsg-1+deb13u1
2026-08-23 01:44:34 status unpacked libfreetype6:amd64 2.13.3+dfsg-1+deb13u1
2026-08-23 01:44:34 install libfuse3-4:amd64 <none> 3.17.2-3
2026-08-23 01:44:34 status half-installed libfuse3-4:amd64 3.17.2-3
2026-08-23 01:44:34 status unpacked libfuse3-4:amd64 3.17.2-3
2026-08-23 01:44:34 install grub-common:amd64 <none> 2.12-9+deb13u2
2026-08-23 01:44:34 status half-installed grub-common:amd64 2.12-9+deb13u2
2026-08-23 01:44:35 status unpacked grub-common:amd64 2.12-9+deb13u2
2026-08-23 01:44:35 install os-prober:amd64 <none> 1.83
2026-08-23 01:44:35 status half-installed os-prober:amd64 1.83
2026-08-23 01:44:35 status unpacked os-prober:amd64 1.83
2026-08-23 01:44:35 startup packages configure
2026-08-23 01:44:35 configure libefivar1t64:amd64 38-3.1+b1 <none>
2026-08-23 01:44:35 status unpacked libefivar1t64:amd64 38-3.1+b1
2026-08-23 01:44:35 status half-configured libefivar1t64:amd64 38-3.1+b1
2026-08-23 01:44:35 status installed libefivar1t64:amd64 38-3.1+b1
2026-08-23 01:44:35 configure libbrotli1:amd64 1.1.0-2+b7 <none>
2026-08-23 01:44:35 status unpacked libbrotli1:amd64 1.1.0-2+b7
2026-08-23 01:44:35 status half-configured libbrotli1:amd64 1.1.0-2+b7
2026-08-23 01:44:35 status installed libbrotli1:amd64 1.1.0-2+b7
2026-08-23 01:44:35 configure libpng16-16t64:amd64 1.6.48-1+deb13u5 <none>
2026-08-23 01:44:35 status unpacked libpng16-16t64:amd64 1.6.48-1+deb13u5
2026-08-23 01:44:35 status half-configured libpng16-16t64:amd64 1.6.48-1+deb13u5
2026-08-23 01:44:35 status installed libpng16-16t64:amd64 1.6.48-1+deb13u5
2026-08-23 01:44:35 configure libefiboot1t64:amd64 38-3.1+b1 <none>
2026-08-23 01:44:35 status unpacked libefiboot1t64:amd64 38-3.1+b1
2026-08-23 01:44:35 status half-configured libefiboot1t64:amd64 38-3.1+b1
2026-08-23 01:44:35 status installed libefiboot1t64:amd64 38-3.1+b1
2026-08-23 01:44:35 configure libfuse3-4:amd64 3.17.2-3 <none>
2026-08-23 01:44:35 status unpacked libfuse3-4:amd64 3.17.2-3
2026-08-23 01:44:35 status half-configured libfuse3-4:amd64 3.17.2-3
2026-08-23 01:44:35 status installed libfuse3-4:amd64 3.17.2-3
2026-08-23 01:44:35 configure libfreetype6:amd64 2.13.3+dfsg-1+deb13u1 <none>
2026-08-23 01:44:35 status unpacked libfreetype6:amd64 2.13.3+dfsg-1+deb13u1
2026-08-23 01:44:35 status half-configured libfreetype6:amd64 2.13.3+dfsg-1+deb13u1
2026-08-23 01:44:35 status installed libfreetype6:amd64 2.13.3+dfsg-1+deb13u1
2026-08-23 01:44:35 configure libdevmapper1.02.1:amd64 2:1.02.205-2 <none>
2026-08-23 01:44:35 status unpacked libdevmapper1.02.1:amd64 2:1.02.205-2
2026-08-23 01:44:35 status half-configured libdevmapper1.02.1:amd64 2:1.02.205-2
2026-08-23 01:44:35 status installed libdevmapper1.02.1:amd64 2:1.02.205-2
2026-08-23 01:44:35 configure dmsetup:amd64 2:1.02.205-2 <none>
2026-08-23 01:44:35 status unpacked dmsetup:amd64 2:1.02.205-2
2026-08-23 01:44:35 status half-configured dmsetup:amd64 2:1.02.205-2
2026-08-23 01:44:35 status installed dmsetup:amd64 2:1.02.205-2
2026-08-23 01:44:35 configure grub-common:amd64 2.12-9+deb13u2 <none>
2026-08-23 01:44:35 status unpacked grub-common:amd64 2.12-9+deb13u2
2026-08-23 01:44:35 status half-configured grub-common:amd64 2.12-9+deb13u2
2026-08-23 01:44:35 status installed grub-common:amd64 2.12-9+deb13u2
2026-08-23 01:44:35 configure os-prober:amd64 1.83 <none>
2026-08-23 01:44:35 status unpacked os-prober:amd64 1.83
2026-08-23 01:44:35 status half-configured os-prober:amd64 1.83
2026-08-23 01:44:35 status installed os-prober:amd64 1.83
2026-08-23 01:44:35 trigproc initramfs-tools:all 0.148.4 <none>
2026-08-23 01:44:35 status half-configured initramfs-tools:all 0.148.4
2026-08-23 01:44:39 status installed initramfs-tools:all 0.148.4
2026-08-23 01:44:39 trigproc libc-bin:amd64 2.41-12+deb13u3 <none>
2026-08-23 01:44:39 status half-configured libc-bin:amd64 2.41-12+deb13u3
2026-08-23 01:44:39 status installed libc-bin:amd64 2.41-12+deb13u3
2026-08-23 01:44:39 trigproc man-db:amd64 2.13.1-1 <none>
2026-08-23 01:44:39 status half-configured man-db:amd64 2.13.1-1
2026-08-23 01:44:39 status installed man-db:amd64 2.13.1-1
2026-08-23 01:44:40 startup packages purge
2026-08-23 01:44:43 startup archives unpack
2026-08-23 01:44:43 install grub2-common:amd64 <none> 2.12-9+deb13u2
2026-08-23 01:44:43 status half-installed grub2-common:amd64 2.12-9+deb13u2
2026-08-23 01:44:43 status triggers-pending man-db:amd64 2.13.1-1
2026-08-23 01:44:43 status unpacked grub2-common:amd64 2.12-9+deb13u2
2026-08-23 01:44:43 install grub-pc-bin:amd64 <none> 2.12-9+deb13u2
2026-08-23 01:44:43 status half-installed grub-pc-bin:amd64 2.12-9+deb13u2
2026-08-23 01:44:43 status unpacked grub-pc-bin:amd64 2.12-9+deb13u2
2026-08-23 01:44:43 install grub-pc:amd64 <none> 2.12-9+deb13u2
2026-08-23 01:44:43 status half-installed grub-pc:amd64 2.12-9+deb13u2
2026-08-23 01:44:43 status unpacked grub-pc:amd64 2.12-9+deb13u2
2026-08-23 01:44:43 startup packages configure
2026-08-23 01:44:43 configure grub2-common:amd64 2.12-9+deb13u2 <none>
2026-08-23 01:44:43 status unpacked grub2-common:amd64 2.12-9+deb13u2
2026-08-23 01:44:43 status half-configured grub2-common:amd64 2.12-9+deb13u2
2026-08-23 01:44:43 status installed grub2-common:amd64 2.12-9+deb13u2
2026-08-23 01:44:43 configure grub-pc-bin:amd64 2.12-9+deb13u2 <none>
2026-08-23 01:44:43 status unpacked grub-pc-bin:amd64 2.12-9+deb13u2
2026-08-23 01:44:43 status half-configured grub-pc-bin:amd64 2.12-9+deb13u2
2026-08-23 01:44:43 status installed grub-pc-bin:amd64 2.12-9+deb13u2
2026-08-23 01:44:43 configure grub-pc:amd64 2.12-9+deb13u2 <none>
2026-08-23 01:44:43 status unpacked grub-pc:amd64 2.12-9+deb13u2
2026-08-23 01:44:43 status half-configured grub-pc:amd64 2.12-9+deb13u2
2026-08-23 01:44:43 status installed grub-pc:amd64 2.12-9+deb13u2
2026-08-23 01:44:43 trigproc man-db:amd64 2.13.1-1 <none>
2026-08-23 01:44:43 status half-configured man-db:amd64 2.13.1-1
2026-08-23 01:44:43 status installed man-db:amd64 2.13.1-1
2026-08-23 01:44:56 startup archives unpack
2026-08-23 01:44:56 install libatomic1:amd64 <none> 14.2.0-19
2026-08-23 01:44:56 status triggers-pending libc-bin:amd64 2.41-12+deb13u3
2026-08-23 01:44:56 status half-installed libatomic1:amd64 14.2.0-19
2026-08-23 01:44:56 status unpacked libatomic1:amd64 14.2.0-19
2026-08-23 01:44:56 install libglib2.0-0t64:amd64 <none> 2.84.4-3~deb13u3
2026-08-23 01:44:56 status half-installed libglib2.0-0t64:amd64 2.84.4-3~deb13u3
2026-08-23 01:44:56 status unpacked libglib2.0-0t64:amd64 2.84.4-3~deb13u3
2026-08-23 01:44:56 install libnuma1:amd64 <none> 2.0.19-1
2026-08-23 01:44:56 status half-installed libnuma1:amd64 2.0.19-1
2026-08-23 01:44:56 status unpacked libnuma1:amd64 2.0.19-1
2026-08-23 01:44:56 install liburing2:amd64 <none> 2.9-1
2026-08-23 01:44:56 status half-installed liburing2:amd64 2.9-1
2026-08-23 01:44:56 status unpacked liburing2:amd64 2.9-1
2026-08-23 01:44:56 install qemu-guest-agent:amd64 <none> 1:10.0.11+ds-0+deb13u1
2026-08-23 01:44:56 status half-installed qemu-guest-agent:amd64 1:10.0.11+ds-0+deb13u1
2026-08-23 01:44:57 status triggers-pending man-db:amd64 2.13.1-1
2026-08-23 01:44:57 status unpacked qemu-guest-agent:amd64 1:10.0.11+ds-0+deb13u1
2026-08-23 01:44:57 install libglib2.0-data:all <none> 2.84.4-3~deb13u3
2026-08-23 01:44:57 status half-installed libglib2.0-data:all 2.84.4-3~deb13u3
2026-08-23 01:44:57 status unpacked libglib2.0-data:all 2.84.4-3~deb13u3
2026-08-23 01:44:57 install shared-mime-info:amd64 <none> 2.4-5+b2
2026-08-23 01:44:57 status half-installed shared-mime-info:amd64 2.4-5+b2
2026-08-23 01:44:57 status unpacked shared-mime-info:amd64 2.4-5+b2
2026-08-23 01:44:57 install xdg-user-dirs:amd64 <none> 0.18-2
2026-08-23 01:44:57 status half-installed xdg-user-dirs:amd64 0.18-2
2026-08-23 01:44:57 status unpacked xdg-user-dirs:amd64 0.18-2
2026-08-23 01:44:57 startup packages configure
2026-08-23 01:44:57 configure xdg-user-dirs:amd64 0.18-2 <none>
2026-08-23 01:44:57 status unpacked xdg-user-dirs:amd64 0.18-2
2026-08-23 01:44:57 status half-configured xdg-user-dirs:amd64 0.18-2
2026-08-23 01:44:57 status installed xdg-user-dirs:amd64 0.18-2
2026-08-23 01:44:57 configure libglib2.0-data:all 2.84.4-3~deb13u3 <none>
2026-08-23 01:44:57 status unpacked libglib2.0-data:all 2.84.4-3~deb13u3
2026-08-23 01:44:57 status half-configured libglib2.0-data:all 2.84.4-3~deb13u3
2026-08-23 01:44:57 status installed libglib2.0-data:all 2.84.4-3~deb13u3
2026-08-23 01:44:57 configure libatomic1:amd64 14.2.0-19 <none>
2026-08-23 01:44:57 status unpacked libatomic1:amd64 14.2.0-19
2026-08-23 01:44:57 status half-configured libatomic1:amd64 14.2.0-19
2026-08-23 01:44:57 status installed libatomic1:amd64 14.2.0-19
2026-08-23 01:44:57 configure libnuma1:amd64 2.0.19-1 <none>
2026-08-23 01:44:57 status unpacked libnuma1:amd64 2.0.19-1
2026-08-23 01:44:57 status half-configured libnuma1:amd64 2.0.19-1
2026-08-23 01:44:57 status installed libnuma1:amd64 2.0.19-1
2026-08-23 01:44:57 configure liburing2:amd64 2.9-1 <none>
2026-08-23 01:44:57 status unpacked liburing2:amd64 2.9-1
2026-08-23 01:44:57 status half-configured liburing2:amd64 2.9-1
2026-08-23 01:44:57 status installed liburing2:amd64 2.9-1
2026-08-23 01:44:57 configure libglib2.0-0t64:amd64 2.84.4-3~deb13u3 <none>
2026-08-23 01:44:57 status unpacked libglib2.0-0t64:amd64 2.84.4-3~deb13u3
2026-08-23 01:44:57 status half-configured libglib2.0-0t64:amd64 2.84.4-3~deb13u3
2026-08-23 01:44:57 status installed libglib2.0-0t64:amd64 2.84.4-3~deb13u3
2026-08-23 01:44:57 configure shared-mime-info:amd64 2.4-5+b2 <none>
2026-08-23 01:44:57 status unpacked shared-mime-info:amd64 2.4-5+b2
2026-08-23 01:44:57 status half-configured shared-mime-info:amd64 2.4-5+b2
2026-08-23 01:44:59 status installed shared-mime-info:amd64 2.4-5+b2
2026-08-23 01:44:59 configure qemu-guest-agent:amd64 1:10.0.11+ds-0+deb13u1 <none>
2026-08-23 01:44:59 status unpacked qemu-guest-agent:amd64 1:10.0.11+ds-0+deb13u1
2026-08-23 01:44:59 status half-configured qemu-guest-agent:amd64 1:10.0.11+ds-0+deb13u1
2026-08-23 01:44:59 status installed qemu-guest-agent:amd64 1:10.0.11+ds-0+deb13u1
2026-08-23 01:44:59 trigproc libc-bin:amd64 2.41-12+deb13u3 <none>
2026-08-23 01:44:59 status half-configured libc-bin:amd64 2.41-12+deb13u3
2026-08-23 01:44:59 status installed libc-bin:amd64 2.41-12+deb13u3
2026-08-23 01:44:59 trigproc man-db:amd64 2.13.1-1 <none>
2026-08-23 01:44:59 status half-configured man-db:amd64 2.13.1-1
2026-08-23 01:44:59 status installed man-db:amd64 2.13.1-1
2026-08-23 01:45:00 startup archives unpack
2026-08-23 01:45:00 install amd64-microcode:amd64 <none> 3.20250311.1
2026-08-23 01:45:00 status half-installed amd64-microcode:amd64 3.20250311.1
2026-08-23 01:45:00 status unpacked amd64-microcode:amd64 3.20250311.1
2026-08-23 01:45:00 startup packages configure
2026-08-23 01:45:00 configure amd64-microcode:amd64 3.20250311.1 <none>
2026-08-23 01:45:00 status unpacked amd64-microcode:amd64 3.20250311.1
2026-08-23 01:45:00 status half-configured amd64-microcode:amd64 3.20250311.1
2026-08-23 01:45:00 status installed amd64-microcode:amd64 3.20250311.1
2026-08-23 01:45:00 status triggers-pending initramfs-tools:all 0.148.4
2026-08-23 01:45:00 trigproc initramfs-tools:all 0.148.4 <none>
2026-08-23 01:45:00 status half-configured initramfs-tools:all 0.148.4
2026-08-23 01:45:04 status installed initramfs-tools:all 0.148.4
2026-08-23 01:57:46 startup archives unpack
2026-08-23 01:57:46 install sudo:amd64 <none> 1.9.16p2-3+deb13u2
2026-08-23 01:57:46 status triggers-pending libc-bin:amd64 2.41-12+deb13u3
2026-08-23 01:57:46 status half-installed sudo:amd64 1.9.16p2-3+deb13u2
2026-08-23 01:57:46 status triggers-pending man-db:amd64 2.13.1-1
2026-08-23 01:57:46 status unpacked sudo:amd64 1.9.16p2-3+deb13u2
2026-08-23 01:57:46 startup packages configure
2026-08-23 01:57:46 configure sudo:amd64 1.9.16p2-3+deb13u2 <none>
2026-08-23 01:57:46 status unpacked sudo:amd64 1.9.16p2-3+deb13u2
2026-08-23 01:57:46 status half-configured sudo:amd64 1.9.16p2-3+deb13u2
2026-08-23 01:57:46 status installed sudo:amd64 1.9.16p2-3+deb13u2
2026-08-23 01:57:46 trigproc man-db:amd64 2.13.1-1 <none>
2026-08-23 01:57:46 status half-configured man-db:amd64 2.13.1-1
2026-08-23 01:57:46 status installed man-db:amd64 2.13.1-1
2026-08-23 01:57:46 trigproc libc-bin:amd64 2.41-12+deb13u3 <none>
2026-08-23 01:57:46 status half-configured libc-bin:amd64 2.41-12+deb13u3
2026-08-23 01:57:46 status installed libc-bin:amd64 2.41-12+deb13u3
2026-08-29 04:23:42 startup archives unpack
2026-08-29 04:23:42 install htop:amd64 <none> 3.4.1-5
2026-08-29 04:23:42 status half-installed htop:amd64 3.4.1-5
2026-08-29 04:23:42 status triggers-pending man-db:amd64 2.13.1-1
2026-08-29 04:23:42 status unpacked htop:amd64 3.4.1-5
2026-08-29 04:23:42 startup packages configure
2026-08-29 04:23:42 configure htop:amd64 3.4.1-5 <none>
2026-08-29 04:23:42 status unpacked htop:amd64 3.4.1-5
2026-08-29 04:23:42 status half-configured htop:amd64 3.4.1-5
2026-08-29 04:23:42 status installed htop:amd64 3.4.1-5
2026-08-29 04:23:42 trigproc man-db:amd64 2.13.1-1 <none>
2026-08-29 04:23:42 status half-configured man-db:amd64 2.13.1-1
2026-08-29 04:23:42 status installed man-db:amd64 2.13.1-1
2026-08-29 04:51:59 startup archives unpack
2026-08-29 04:51:59 install libsasl2-modules-db:amd64 <none> 2.1.28+dfsg1-9
2026-08-29 04:51:59 status half-installed libsasl2-modules-db:amd64 2.1.28+dfsg1-9
2026-08-29 04:51:59 status unpacked libsasl2-modules-db:amd64 2.1.28+dfsg1-9
2026-08-29 04:51:59 install libsasl2-2:amd64 <none> 2.1.28+dfsg1-9
2026-08-29 04:51:59 status triggers-pending libc-bin:amd64 2.41-12+deb13u3
2026-08-29 04:51:59 status half-installed libsasl2-2:amd64 2.1.28+dfsg1-9
2026-08-29 04:51:59 status triggers-pending man-db:amd64 2.13.1-1
2026-08-29 04:51:59 status unpacked libsasl2-2:amd64 2.1.28+dfsg1-9
2026-08-29 04:51:59 install libldap2:amd64 <none> 2.6.10+dfsg-1
2026-08-29 04:51:59 status half-installed libldap2:amd64 2.6.10+dfsg-1
2026-08-29 04:51:59 status unpacked libldap2:amd64 2.6.10+dfsg-1
2026-08-29 04:51:59 install libnghttp3-9:amd64 <none> 1.8.0-1
2026-08-29 04:51:59 status half-installed libnghttp3-9:amd64 1.8.0-1
2026-08-29 04:51:59 status unpacked libnghttp3-9:amd64 1.8.0-1
2026-08-29 04:51:59 install libngtcp2-16:amd64 <none> 1.11.0-1+deb13u1
2026-08-29 04:51:59 status half-installed libngtcp2-16:amd64 1.11.0-1+deb13u1
2026-08-29 04:51:59 status unpacked libngtcp2-16:amd64 1.11.0-1+deb13u1
2026-08-29 04:51:59 install libngtcp2-crypto-gnutls8:amd64 <none> 1.11.0-1+deb13u1
2026-08-29 04:51:59 status half-installed libngtcp2-crypto-gnutls8:amd64 1.11.0-1+deb13u1
2026-08-29 04:51:59 status unpacked libngtcp2-crypto-gnutls8:amd64 1.11.0-1+deb13u1
2026-08-29 04:51:59 install librtmp1:amd64 <none> 2.4+20151223.gitfa8646d.1-2+b5
2026-08-29 04:51:59 status half-installed librtmp1:amd64 2.4+20151223.gitfa8646d.1-2+b5
2026-08-29 04:51:59 status unpacked librtmp1:amd64 2.4+20151223.gitfa8646d.1-2+b5
2026-08-29 04:51:59 install libssh2-1t64:amd64 <none> 1.11.1-1+deb13u1
2026-08-29 04:51:59 status half-installed libssh2-1t64:amd64 1.11.1-1+deb13u1
2026-08-29 04:51:59 status unpacked libssh2-1t64:amd64 1.11.1-1+deb13u1
2026-08-29 04:51:59 install libcurl3t64-gnutls:amd64 <none> 8.14.1-2+deb13u4
2026-08-29 04:51:59 status half-installed libcurl3t64-gnutls:amd64 8.14.1-2+deb13u4
2026-08-29 04:51:59 status unpacked libcurl3t64-gnutls:amd64 8.14.1-2+deb13u4
2026-08-29 04:52:00 install liberror-perl:all <none> 0.17030-1
2026-08-29 04:52:00 status half-installed liberror-perl:all 0.17030-1
2026-08-29 04:52:00 status unpacked liberror-perl:all 0.17030-1
2026-08-29 04:52:00 install git-man:all <none> 1:2.47.3-0+deb13u1
2026-08-29 04:52:00 status half-installed git-man:all 1:2.47.3-0+deb13u1
2026-08-29 04:52:00 status unpacked git-man:all 1:2.47.3-0+deb13u1
2026-08-29 04:52:00 install git:amd64 <none> 1:2.47.3-0+deb13u1
2026-08-29 04:52:00 status half-installed git:amd64 1:2.47.3-0+deb13u1
2026-08-29 04:52:00 status unpacked git:amd64 1:2.47.3-0+deb13u1
2026-08-29 04:52:00 install libldap-common:all <none> 2.6.10+dfsg-1
2026-08-29 04:52:00 status half-installed libldap-common:all 2.6.10+dfsg-1
2026-08-29 04:52:00 status unpacked libldap-common:all 2.6.10+dfsg-1
2026-08-29 04:52:00 install libsasl2-modules:amd64 <none> 2.1.28+dfsg1-9
2026-08-29 04:52:00 status half-installed libsasl2-modules:amd64 2.1.28+dfsg1-9
2026-08-29 04:52:00 status unpacked libsasl2-modules:amd64 2.1.28+dfsg1-9
2026-08-29 04:52:00 install patch:amd64 <none> 2.8-2
2026-08-29 04:52:00 status half-installed patch:amd64 2.8-2
2026-08-29 04:52:00 status unpacked patch:amd64 2.8-2
2026-08-29 04:52:00 startup packages configure
2026-08-29 04:52:00 configure libsasl2-modules:amd64 2.1.28+dfsg1-9 <none>
2026-08-29 04:52:00 status unpacked libsasl2-modules:amd64 2.1.28+dfsg1-9
2026-08-29 04:52:00 status half-configured libsasl2-modules:amd64 2.1.28+dfsg1-9
2026-08-29 04:52:00 status installed libsasl2-modules:amd64 2.1.28+dfsg1-9
2026-08-29 04:52:00 configure libldap-common:all 2.6.10+dfsg-1 <none>
2026-08-29 04:52:00 status unpacked libldap-common:all 2.6.10+dfsg-1
2026-08-29 04:52:00 status half-configured libldap-common:all 2.6.10+dfsg-1
2026-08-29 04:52:00 status installed libldap-common:all 2.6.10+dfsg-1
2026-08-29 04:52:00 configure libsasl2-modules-db:amd64 2.1.28+dfsg1-9 <none>
2026-08-29 04:52:00 status unpacked libsasl2-modules-db:amd64 2.1.28+dfsg1-9
2026-08-29 04:52:00 status half-configured libsasl2-modules-db:amd64 2.1.28+dfsg1-9
2026-08-29 04:52:00 status installed libsasl2-modules-db:amd64 2.1.28+dfsg1-9
2026-08-29 04:52:00 configure liberror-perl:all 0.17030-1 <none>
2026-08-29 04:52:00 status unpacked liberror-perl:all 0.17030-1
2026-08-29 04:52:00 status half-configured liberror-perl:all 0.17030-1
2026-08-29 04:52:00 status installed liberror-perl:all 0.17030-1
2026-08-29 04:52:00 configure librtmp1:amd64 2.4+20151223.gitfa8646d.1-2+b5 <none>
2026-08-29 04:52:00 status unpacked librtmp1:amd64 2.4+20151223.gitfa8646d.1-2+b5
2026-08-29 04:52:00 status half-configured librtmp1:amd64 2.4+20151223.gitfa8646d.1-2+b5
2026-08-29 04:52:00 status installed librtmp1:amd64 2.4+20151223.gitfa8646d.1-2+b5
2026-08-29 04:52:00 configure patch:amd64 2.8-2 <none>
2026-08-29 04:52:00 status unpacked patch:amd64 2.8-2
2026-08-29 04:52:00 status half-configured patch:amd64 2.8-2
2026-08-29 04:52:00 status installed patch:amd64 2.8-2
2026-08-29 04:52:00 configure libsasl2-2:amd64 2.1.28+dfsg1-9 <none>
2026-08-29 04:52:00 status unpacked libsasl2-2:amd64 2.1.28+dfsg1-9
2026-08-29 04:52:00 status half-configured libsasl2-2:amd64 2.1.28+dfsg1-9
2026-08-29 04:52:00 status installed libsasl2-2:amd64 2.1.28+dfsg1-9
2026-08-29 04:52:00 configure libnghttp3-9:amd64 1.8.0-1 <none>
2026-08-29 04:52:00 status unpacked libnghttp3-9:amd64 1.8.0-1
2026-08-29 04:52:00 status half-configured libnghttp3-9:amd64 1.8.0-1
2026-08-29 04:52:00 status installed libnghttp3-9:amd64 1.8.0-1
2026-08-29 04:52:00 configure git-man:all 1:2.47.3-0+deb13u1 <none>
2026-08-29 04:52:00 status unpacked git-man:all 1:2.47.3-0+deb13u1
2026-08-29 04:52:00 status half-configured git-man:all 1:2.47.3-0+deb13u1
2026-08-29 04:52:00 status installed git-man:all 1:2.47.3-0+deb13u1
2026-08-29 04:52:00 configure libngtcp2-16:amd64 1.11.0-1+deb13u1 <none>
2026-08-29 04:52:00 status unpacked libngtcp2-16:amd64 1.11.0-1+deb13u1
2026-08-29 04:52:00 status half-configured libngtcp2-16:amd64 1.11.0-1+deb13u1
2026-08-29 04:52:00 status installed libngtcp2-16:amd64 1.11.0-1+deb13u1
2026-08-29 04:52:00 configure libssh2-1t64:amd64 1.11.1-1+deb13u1 <none>
2026-08-29 04:52:00 status unpacked libssh2-1t64:amd64 1.11.1-1+deb13u1
2026-08-29 04:52:00 status half-configured libssh2-1t64:amd64 1.11.1-1+deb13u1
2026-08-29 04:52:00 status installed libssh2-1t64:amd64 1.11.1-1+deb13u1
2026-08-29 04:52:00 configure libldap2:amd64 2.6.10+dfsg-1 <none>
2026-08-29 04:52:00 status unpacked libldap2:amd64 2.6.10+dfsg-1
2026-08-29 04:52:00 status half-configured libldap2:amd64 2.6.10+dfsg-1
2026-08-29 04:52:00 status installed libldap2:amd64 2.6.10+dfsg-1
2026-08-29 04:52:00 configure libngtcp2-crypto-gnutls8:amd64 1.11.0-1+deb13u1 <none>
2026-08-29 04:52:00 status unpacked libngtcp2-crypto-gnutls8:amd64 1.11.0-1+deb13u1
2026-08-29 04:52:00 status half-configured libngtcp2-crypto-gnutls8:amd64 1.11.0-1+deb13u1
2026-08-29 04:52:00 status installed libngtcp2-crypto-gnutls8:amd64 1.11.0-1+deb13u1
2026-08-29 04:52:00 configure libcurl3t64-gnutls:amd64 8.14.1-2+deb13u4 <none>
2026-08-29 04:52:00 status unpacked libcurl3t64-gnutls:amd64 8.14.1-2+deb13u4
2026-08-29 04:52:00 status half-configured libcurl3t64-gnutls:amd64 8.14.1-2+deb13u4
2026-08-29 04:52:00 status installed libcurl3t64-gnutls:amd64 8.14.1-2+deb13u4
2026-08-29 04:52:00 configure git:amd64 1:2.47.3-0+deb13u1 <none>
2026-08-29 04:52:00 status unpacked git:amd64 1:2.47.3-0+deb13u1
2026-08-29 04:52:00 status half-configured git:amd64 1:2.47.3-0+deb13u1
2026-08-29 04:52:00 status installed git:amd64 1:2.47.3-0+deb13u1
2026-08-29 04:52:00 trigproc man-db:amd64 2.13.1-1 <none>
2026-08-29 04:52:00 status half-configured man-db:amd64 2.13.1-1
2026-08-29 04:52:01 status installed man-db:amd64 2.13.1-1
2026-08-29 04:52:01 trigproc libc-bin:amd64 2.41-12+deb13u3 <none>
2026-08-29 04:52:01 status half-configured libc-bin:amd64 2.41-12+deb13u3
2026-08-29 04:52:01 status installed libc-bin:amd64 2.41-12+deb13u3
2026-08-30 04:10:47 startup packages remove
2026-08-30 04:10:47 status installed htop:amd64 3.4.1-5
2026-08-30 04:10:47 remove htop:amd64 3.4.1-5 <none>
2026-08-30 04:10:47 status half-configured htop:amd64 3.4.1-5
2026-08-30 04:10:47 status half-installed htop:amd64 3.4.1-5
2026-08-30 04:10:47 status triggers-pending man-db:amd64 2.13.1-1
2026-08-30 04:10:47 status config-files htop:amd64 3.4.1-5
2026-08-30 04:10:47 status not-installed htop:amd64 <none>
2026-08-30 04:10:47 startup packages configure
2026-08-30 04:10:47 trigproc man-db:amd64 2.13.1-1 <none>
2026-08-30 04:10:47 status half-configured man-db:amd64 2.13.1-1
2026-08-30 04:10:47 status installed man-db:amd64 2.13.1-1
2026-08-30 04:11:05 startup archives unpack
2026-08-30 04:11:05 install htop:amd64 <none> 3.4.1-5
2026-08-30 04:11:05 status half-installed htop:amd64 3.4.1-5
2026-08-30 04:11:05 status triggers-pending man-db:amd64 2.13.1-1
2026-08-30 04:11:05 status unpacked htop:amd64 3.4.1-5
2026-08-30 04:11:06 startup packages configure
2026-08-30 04:11:06 configure htop:amd64 3.4.1-5 <none>
2026-08-30 04:11:06 status unpacked htop:amd64 3.4.1-5
2026-08-30 04:11:06 status half-configured htop:amd64 3.4.1-5
2026-08-30 04:11:06 status installed htop:amd64 3.4.1-5
2026-08-30 04:11:06 trigproc man-db:amd64 2.13.1-1 <none>
2026-08-30 04:11:06 status half-configured man-db:amd64 2.13.1-1
2026-08-30 04:11:06 status installed man-db:amd64 2.13.1-1
2026-08-30 04:13:55 startup packages remove
2026-08-30 04:13:55 status installed htop:amd64 3.4.1-5
2026-08-30 04:13:55 remove htop:amd64 3.4.1-5 <none>
2026-08-30 04:13:55 status half-configured htop:amd64 3.4.1-5
2026-08-30 04:13:55 status half-installed htop:amd64 3.4.1-5
2026-08-30 04:13:55 status triggers-pending man-db:amd64 2.13.1-1
2026-08-30 04:13:55 status config-files htop:amd64 3.4.1-5
2026-08-30 04:13:55 status not-installed htop:amd64 <none>
2026-08-30 04:13:55 startup packages configure
2026-08-30 04:13:55 trigproc man-db:amd64 2.13.1-1 <none>
2026-08-30 04:13:55 status half-configured man-db:amd64 2.13.1-1
2026-08-30 04:13:56 status installed man-db:amd64 2.13.1-1
2026-08-30 04:13:58 startup archives unpack
2026-08-30 04:13:58 install htop:amd64 <none> 3.4.1-5
2026-08-30 04:13:58 status half-installed htop:amd64 3.4.1-5
2026-08-30 04:13:58 status triggers-pending man-db:amd64 2.13.1-1
2026-08-30 04:13:58 status unpacked htop:amd64 3.4.1-5
2026-08-30 04:13:58 startup packages configure
2026-08-30 04:13:58 configure htop:amd64 3.4.1-5 <none>
2026-08-30 04:13:58 status unpacked htop:amd64 3.4.1-5
2026-08-30 04:13:58 status half-configured htop:amd64 3.4.1-5
2026-08-30 04:13:58 status installed htop:amd64 3.4.1-5
2026-08-30 04:13:58 trigproc man-db:amd64 2.13.1-1 <none>
2026-08-30 04:13:58 status half-configured man-db:amd64 2.13.1-1
2026-08-30 04:13:58 status installed man-db:amd64 2.13.1-1
2026-08-30 04:14:08 startup packages remove
2026-08-30 04:14:08 status installed htop:amd64 3.4.1-5
2026-08-30 04:14:08 remove htop:amd64 3.4.1-5 <none>
2026-08-30 04:14:08 status half-configured htop:amd64 3.4.1-5
2026-08-30 04:14:08 status half-installed htop:amd64 3.4.1-5
2026-08-30 04:14:08 status triggers-pending man-db:amd64 2.13.1-1
2026-08-30 04:14:08 status config-files htop:amd64 3.4.1-5
2026-08-30 04:14:08 status not-installed htop:amd64 <none>
2026-08-30 04:14:08 startup packages configure
2026-08-30 04:14:08 trigproc man-db:amd64 2.13.1-1 <none>
2026-08-30 04:14:08 status half-configured man-db:amd64 2.13.1-1
2026-08-30 04:14:08 status installed man-db:amd64 2.13.1-1
2026-08-30 04:14:10 startup archives unpack
2026-08-30 04:14:10 install htop:amd64 <none> 3.4.1-5
2026-08-30 04:14:10 status half-installed htop:amd64 3.4.1-5
2026-08-30 04:14:10 status triggers-pending man-db:amd64 2.13.1-1
2026-08-30 04:14:10 status unpacked htop:amd64 3.4.1-5
2026-08-30 04:14:10 startup packages configure
2026-08-30 04:14:10 configure htop:amd64 3.4.1-5 <none>
2026-08-30 04:14:10 status unpacked htop:amd64 3.4.1-5
2026-08-30 04:14:10 status half-configured htop:amd64 3.4.1-5
2026-08-30 04:14:10 status installed htop:amd64 3.4.1-5
2026-08-30 04:14:10 trigproc man-db:amd64 2.13.1-1 <none>
2026-08-30 04:14:10 status half-configured man-db:amd64 2.13.1-1
2026-08-30 04:14:10 status installed man-db:amd64 2.13.1-1
2026-08-30 04:16:53 startup packages remove
2026-08-30 04:16:53 status installed htop:amd64 3.4.1-5
2026-08-30 04:16:53 remove htop:amd64 3.4.1-5 <none>
2026-08-30 04:16:53 status half-configured htop:amd64 3.4.1-5
2026-08-30 04:16:53 status half-installed htop:amd64 3.4.1-5
2026-08-30 04:16:53 status triggers-pending man-db:amd64 2.13.1-1
2026-08-30 04:16:53 status config-files htop:amd64 3.4.1-5
2026-08-30 04:16:53 status not-installed htop:amd64 <none>
2026-08-30 04:16:53 startup packages configure
2026-08-30 04:16:53 trigproc man-db:amd64 2.13.1-1 <none>
2026-08-30 04:16:53 status half-configured man-db:amd64 2.13.1-1
2026-08-30 04:16:53 status installed man-db:amd64 2.13.1-1
2026-08-30 04:16:56 startup archives unpack
2026-08-30 04:16:56 install htop:amd64 <none> 3.4.1-5
2026-08-30 04:16:56 status half-installed htop:amd64 3.4.1-5
2026-08-30 04:16:56 status triggers-pending man-db:amd64 2.13.1-1
2026-08-30 04:16:56 status unpacked htop:amd64 3.4.1-5
2026-08-30 04:16:56 startup packages configure
2026-08-30 04:16:56 configure htop:amd64 3.4.1-5 <none>
2026-08-30 04:16:56 status unpacked htop:amd64 3.4.1-5
2026-08-30 04:16:56 status half-configured htop:amd64 3.4.1-5
2026-08-30 04:16:56 status installed htop:amd64 3.4.1-5
2026-08-30 04:16:56 trigproc man-db:amd64 2.13.1-1 <none>
2026-08-30 04:16:56 status half-configured man-db:amd64 2.13.1-1
2026-08-30 04:16:56 status installed man-db:amd64 2.13.1-1
